識別番号,分野,頻出度,言葉,読み,文章,漢字1,読み1,漢字2,読み2
0,音読み,a,騒擾,そうじょう,過激派が騒擾を起こした。,騒擾,そうじょう,X,X
1,音読み,a,貼付,ちょうふ,切手を貼付する。,貼付,ちょうふ,X,X
2,音読み,a,怨念,おんねん,積年の怨念を晴らす。,怨念,おんねん,X,X
3,音読み,a,慧眼,けいがん,時代を見抜く慧眼で危機を乗り切る。,慧眼,けいがん,X,X
4,音読み,a,紐帯,ちゅうたい,同盟の紐帯となる条約を結ぶ。,紐帯,ちゅうたい,X,X
5,音読み,a,頸椎,けいつい,サッカーで頸椎を損傷する。,頸椎,けいつい,X,X
6,音読み,a,抹消,まっしょう,抹消にとらわれて本質を忘れる。,抹消,まっしょう,X,X
7,音読み,a,碩学,せきがく,宇宙工学の碩学として有名だ。,碩学,せきがく,X,X
8,音読み,a,払拭,ふっしょく,政治家の疑惑が払拭できない。,払拭,ふっしょく,X,X
9,音読み,a,馴化,じゅんか,植物が土地に馴化していく。,馴化,じゅんか,X,X
10,音読み,a,造詣,ぞうけい,文化人類学に造詣が深い。,造詣,ぞうけい,X,X
11,音読み,a,厨子,ずし,堂内の厨子に秘仏を安置する。,厨子,ずし,X,X
12,音読み,a,捺印,なついん,互いに署名捺印する。,捺印,なついん,X,X
13,音読み,a,挽歌,ばんか,死を悼み挽歌を送る。,挽歌,ばんか,X,X
14,音読み,a,頓挫,とんざ,資金不足で計画は頓挫した。,頓挫,とんざ,X,X
15,音読み,a,蒐集,しゅうしゅう,珍しい世界の切手を蒐集する。,蒐集,しゅうしゅう,X,X
16,音読み,a,輔弼,ほひつ,天皇の輔弼として政治を助ける。,輔弼,ほひつ,X,X
17,音読み,a,瞳孔,どうこう,ショックで瞳孔が開いた。,瞳孔,どうこう,X,X
18,音読み,a,瑠璃,るり,瑠璃色に光る宝石に魅せられる。,瑠璃,るり,X,X
19,音読み,a,嫉妬,しっと,嫉妬は愛情の裏返しだ。,嫉妬,しっと,X,X
20,音読み,a,尖兵,せんぺい,戦争では尖兵として戦った。,尖兵,せんぺい,X,X
21,音読み,a,凋落,ちょうらく,彼の凋落ぶりは目を覆うばかりだ。,凋落,ちょうらく,X,X
22,音読み,a,老爺,ろうや,老爺が道具の手入れをしている。,老爺,ろうや,X,X
23,音読み,a,耽溺,たんでき,酒や賭け事に耽溺する。,耽溺,たんでき,X,X
24,音読み,a,三昧,ざんまい,贅沢三昧の生活を送る。,三昧,ざんまい,X,X
25,音読み,a,悉皆,しっかい,一心に悉皆成仏を唱える。,悉皆,しっかい,X,X
26,音読み,a,凌駕,りょうが,力が技を凌駕した。,凌駕,りょうが,X,X
27,音読み,a,馴致,じゅんち,仔馬を馴致して競走馬に育てる。,馴致,じゅんち,X,X
28,音読み,a,凄絶,せいぜつ,凄絶な試合に目を奪われる。,凄絶,せいぜつ,X,X
29,音読み,a,呪術,じゅじゅつ,呪術に詳しい人に会った。,呪術,じゅじゅつ,X,X
30,音読み,a,悶絶,もんぜつ,あまりの苦しみに悶絶した。,悶絶,もんぜつ,X,X
31,音読み,a,好好爺,こうこうや,山奥の一軒家で好好爺に出会う。,好好爺,こうこうや,X,X
32,音読み,a,律呂,りつりょ,楽器の律呂を調える。,律呂,りつりょ,X,X
33,音読み,a,托鉢,たくはつ,托鉢の僧が街角に立つ。,托鉢,たくはつ,X,X
34,音読み,a,脆弱,ぜいじゃく,体が脆弱で学校を休みがちだ。,脆弱,ぜいじゃく,X,X
35,音読み,a,凌雲,りょううん,凌雲の志を抱く。,凌雲,りょううん,X,X
36,音読み,a,紅蓮,ぐれん,母屋が紅蓮の炎に包まれる。,紅蓮,ぐれん,X,X
37,音読み,a,甜菜,てんさい,甜菜から砂糖を精製する。,甜菜,てんさい,X,X
38,音読み,a,神輿,みこし,神輿を清めるための儀式を行う。,神輿,みこし,X,X
39,音読み,a,凄惨,せいさん,凄惨な場面に目をそむける。,凄惨,せいさん,X,X
40,音読み,a,疏外感,そがいかん,仲間の中で疏外感を味わう。,疏外感,そがいかん,X,X
41,音読み,a,遺憾,いかん,政府は遺憾の意を表明した。,遺憾,いかん,X,X
42,音読み,a,怒濤,どとう,出来事が怒濤のように押し寄せる。,怒濤,どとう,X,X
43,音読み,a,形骸,けいがい,形骸となっているルールを見直す。,形骸,けいがい,X,X
44,音読み,a,不遜,ふそん,不遜な態度に腹を立てる。,不遜,ふそん,X,X
45,音読み,a,靱性,じんせい,革の靱性を確かめる。,靱性,じんせい,X,X
46,音読み,a,参詣,さんけい,正月に神社に参詣した。,参詣,さんけい,X,X
47,音読み,a,尖塔,せんとう,城の尖塔に幽閉されている。,尖塔,せんとう,X,X
48,音読み,a,煎餅,せんべい,煎餅を焼く香ばしい匂いが漂う。,煎餅,せんべい,X,X
49,音読み,a,白狐,びゃっこ,北極の白狐を見る。,白狐,びゃっこ,X,X
50,音読み,a,堆肥,たいひ,畑に堆肥を撒く。,堆肥,たいひ,X,X
51,音読み,a,工廠,こうしょう,戦時中、空襲を受けた工廠だ。,工廠,こうしょう,X,X
52,音読み,a,大火,たいか,庚寅の年に大火があった。,大火,たいか,X,X
53,音読み,a,掌握,しょうあく,課長はすべての部下を掌握している。,掌握,しょうあく,X,X
54,音読み,a,空隙,くうげき,空隙を埋める。,空隙,くうげき,X,X
55,音読み,a,籠絡,ろうらく,敵将を籠絡する。,籠絡,ろうらく,X,X
56,音読み,a,壊死,えし,足先が壊死する。,壊死,えし,X,X
57,音読み,a,妖艶,ようえん,妖艶な姿を披露する。,妖艶,ようえん,X,X
58,音読み,a,城柵,じょうさく,城柵を巡らす。,城柵,じょうさく,X,X
59,音読み,a,分娩,ぶんべん,男児を分娩する。,分娩,ぶんべん,X,X
60,音読み,a,自然薯,じねんじょ,自然薯を掘り起こす。,自然薯,じねんじょ,X,X
61,音読み,a,貴賤,きせん,貴賤を問わない。,貴賤,きせん,X,X
62,音読み,a,劫火,ごうか,劫火に包まれる。,劫火,ごうか,X,X
63,音読み,a,激昂,げきこう,激昂して退席する。,激昂,げきこう,X,X
64,音読み,a,趨向,すうこう,政局の趨向に従う。,趨向,すうこう,X,X
65,音読み,a,分水嶺,ぶんすいれい,分水嶺に立つ。,分水嶺,ぶんすいれい,X,X
66,音読み,a,轟音,ごうおん,重機が轟音を立てる。,轟音,ごうおん,X,X
67,音読み,a,射幸心,しゃこうしん,射幸心を煽る。,射幸心,しゃこうしん,X,X
68,音読み,a,叡智,えいち,叡智を結集する。,叡智,えいち,X,X
69,音読み,a,戟,げき,兵が戟を構える。,戟,げき,X,X
70,音読み,a,骨董,こっとう,骨董市で壺を購う。,骨董,こっとう,X,X
71,音読み,a,倭語,わご,返書に倭語を用いる。,倭語,わご,X,X
72,音読み,a,尖鋭,せんえい,尖鋭な思想に立つ。,尖鋭,せんえい,X,X
73,音読み,a,姻戚,いんせき,姻戚関係を結ぶ。,姻戚,いんせき,X,X
74,音読み,a,辰砂,しんしゃ,辰砂で顔料を作る。,辰砂,しんしゃ,X,X
75,音読み,a,寸隙,すんげき,寸隙を割いて鍛える。,寸隙,すんげき,X,X
76,音読み,a,稀有,けう,稀有な事故が起こる。,稀有,けう,X,X
77,音読み,a,轟然,ごうぜん,轟然たる砲声が響く。,轟然,ごうぜん,X,X
78,音読み,a,山麓,さんろく,山麓に草原が広がる。,山麓,さんろく,X,X
79,音読み,a,界隈,かいわい,この界隈では評判だ。,界隈,かいわい,X,X
80,音読み,a,瑞雲,ずいうん,突如瑞雲が現れる。,瑞雲,ずいうん,X,X
81,音読み,a,杜撰,ずさん,杜撰な計画を見直す。,杜撰,ずさん,X,X
82,音読み,a,籠城,ろうじょう,籠城作戦を敢行する。,籠城,ろうじょう,X,X
83,音読み,a,葡萄,ぶどう,葡萄を発酵させる。,葡萄,ぶどう,X,X
84,音読み,a,拳骨,げんこつ,拳骨を振り上げる。,拳骨,げんこつ,X,X
85,音読み,a,畏怖,いふ,畏怖の念を抱く。,畏怖,いふ,X,X
86,音読み,a,割烹,かっぽう,割烹で夕飯を済ます。,割烹,かっぽう,X,X
87,音読み,a,擾乱,じょうらん,各地に擾乱が起こる。,擾乱,じょうらん,X,X
88,音読み,a,微塵,みじん,微塵も痕跡がない。,微塵,みじん,X,X
89,訓読み,a,辿る,たどる,来た道を辿ってゴールを目指す。,辿,たど,X,る
90,訓読み,a,擢んでる,ぬきんでる,その人の力量は擢んでている。,擢,ぬき,X,んでる
91,訓読み,a,捌く,さばく,性格が捌けているといわれる。,捌,さば,X,く
92,訓読み,a,萎れる,しおれる,萎れかけた花を水に挿す。,萎,しお,X,れる
93,訓読み,a,蘇る,よみがえる,意識不明の状態から蘇った。,蘇,よみがえ,X,る
94,訓読み,a,漣,さざなみ,夕暮れに湖の漣を見つめていた。,漣,さざなみ,X,X
95,訓読み,a,適う,かなう,眼鏡に適う人物はいなかった。,適,かな,X,う
96,訓読み,a,頑,かたくな,その頑さは誰に似たのだろう。,頑,かたくな,X,X
97,訓読み,a,狛犬,こまいぬ,子供の頃、神社の狛犬が怖かった。,狛犬,こまいぬ,X,X
98,訓読み,a,噺,はなし,落語家の噺を聞く。,噺,はなし,X,X
99,訓読み,a,蔑ろ,ないがしろ,人の親切を蔑ろにする。,蔑,ないがし,X,ろ
100,訓読み,a,宥める,なだめる,泣く子を必死に宥めている。,宥,なだ,X,める
101,訓読み,a,煽てる,おだてる,煽てられていい気になる。,煽,おだ,X,てる
102,訓読み,a,蝕む,むしばむ,作物を蝕む害虫を排除する。,蝕,むしば,X,む
103,訓読み,a,覗く,のぞく,小さな穴から部屋の中を覗いた。,覗,のぞ,X,く
104,訓読み,a,俄かに,にわかに,俄か評論家になって批評する。,俄,にわ,X,かに
105,訓読み,a,蔑む,さげすむ,蔑みをこめて睨みつける。,蔑,さげす,X,む
106,訓読み,a,雫,しずく,雪が解けて雫がしたたっている。,雫,しずく,X,X
107,訓読み,a,怯む,ひるむ,相手の怯む隙に攻め込んだ。,怯,ひる,X,む
108,訓読み,a,綻ぶ,ほころぶ,袖の綻びを直してもらう。,綻,ほころ,X,ぶ
109,訓読み,a,佃煮,つくだに,牛肉の佃煮が好物だ。,佃煮,つくだに,X,X
110,訓読み,a,瑞穂,みずほ,「瑞穂の国」との美称が使われる。,瑞穂,みずほ,X,X
111,訓読み,a,煽る,あおる,人心を煽って暴動を起こす。,煽,あお,X,る
112,訓読み,a,轡,くつわ,二頭が轡を並べてゴールした。,轡,くつわ,X,X
113,訓読み,a,塙,はなわ,塙に展望所と遊歩道を整備する。,塙,はなわ,X,X
114,訓読み,a,庇う,かばう,足に負った傷を庇う。,庇,かば,X,う
115,訓読み,a,曝す,さらす,納屋が風雨に曝されて朽ちる。,曝,さら,X,す
116,訓読み,a,顎,あご,顎足つきの招待を受ける。,顎,あご,X,X
117,訓読み,a,具,つぶさ,一日の出来事を具に報告する。,具,つぶさ,X,X
118,訓読み,a,麹,こうじ,日本の発酵食品には麹が必要だ。,麹,こうじ,X,X
119,訓読み,a,梯子,はしご,屋根に梯子をかける。,梯子,はしご,X,X
120,訓読み,a,茜,あかね,夕暮れの茜雲がきれいだ。,茜,あかね,X,X
121,訓読み,a,凪,なぎ,浜は凪で穏やかな夕暮れだ。,凪,なぎ,X,X
122,訓読み,a,悉く,ことごとく,検事の主張は悉く却下された。,悉,ことごと,X,く
123,訓読み,a,凄まじい,すさまじい,凄まじい勢いでゴールに向かう。,凄,すさ,X,まじい
124,訓読み,a,些か,いささか,解決するには些か難しい問題だ。,些,いささ,X,か
125,訓読み,a,歪,いびつ,歪な形の痕が残る。,歪,いびつ,X,X
126,訓読み,a,凌ぐ,しのぐ,その実力は師をも凌ぐ。,凌,しの,X,ぐ
127,訓読み,a,穿つ,うがつ,穿ったことを言う人だ。,穿,うが,X,つ
128,訓読み,a,縞柄,しまがら,縞柄のシャツを着る。,縞柄,しまがら,X,X
129,訓読み,a,薙ぐ,なぐ,敵を薙ぎ倒して進む。,薙,な,X,ぐ
130,訓読み,a,萌える,もえる,萌え出す草木の息吹を感じる。,萌,も,X,える
131,訓読み,a,尖る,とがる,尖った塔のシルエットが美しい。,尖,とが,X,る
132,訓読み,a,匂う,におう,芳しい匂いに思わず振り向く。,匂,にお,X,う
133,訓読み,a,昂る,たかぶる,気持ちの昂りを抑えきれない。,昂,たかぶ,X,る
134,訓読み,a,凧,たこ,空にいくつもの凧が揚がっている。,凧,たこ,X,X
135,訓読み,a,厭きる,あきる,母の愚痴は聞き厭きた。,厭,あ,X,きる
136,訓読み,a,弄ぶ,もてあそぶ,悲しい運命に弄ばれた。,弄,もてあそ,X,ぶ
137,訓読み,a,鰯,いわし,新鮮な鰯で鮨を作る。,鰯,いわし,X,X
138,訓読み,a,蛭,ひる,田んぼで蛭に血を吸われた。,蛭,ひる,X,X
139,訓読み,a,種籾,たねもみ,春が訪れて種籾を播く。,種籾,たねもみ,X,X
140,訓読み,a,挫く,くじく,突然の訪問に出鼻を挫かれた。,挫,くじ,X,く
141,訓読み,a,窺う,うかがう,小窓から外の様子を窺う。,窺,うかが,X,う
142,訓読み,a,鱈,たら,鍋に鱈の切り身を入れる。,鱈,たら,X,X
143,訓読み,a,巷,ちまた,巷で話題の恐竜の映画を鑑賞する。,巷,ちまた,X,X
144,訓読み,a,罵る,ののしる,大きな罵り声が聞こえてきた。,罵,ののし,X,る
145,訓読み,a,面舵,おもかじ,面舵を切って北北西に変針する。,面舵,おもかじ,X,X
146,訓読み,a,亡骸,なきがら,家族が亡骸にすがって号泣した。,亡骸,なきがら,X,X
147,訓読み,a,閏年,うるうどし,閏年は四年に一度めぐってくる。,閏年,うるうどし,X,X
148,訓読み,a,牡蠣,かき,牡蠣は冬がおいしいといわれる。,牡蠣,かき,X,X
149,訓読み,a,拳,こぶし,拳を上げて喜びを表現する。,拳,こぶし,X,X
150,訓読み,a,拭う,ぬぐう,汗を拭って作業を続けた。,拭,ぬぐ,X,う
151,訓読み,a,凧糸,たこいと,凧糸を竹に巻き付ける。,凧糸,たこいと,X,X
152,訓読み,a,耽る,ふける,図書館にこもって読書に耽る。,耽,ふけ,X,る
153,訓読み,a,苛立つ,いらだつ,煮え切らない態度に苛立つ。,苛立,いらだ,X,つ
154,訓読み,a,袖,そで,役人に対して袖の下を使う。,袖,そで,X,X
155,訓読み,a,艶かしい,なまめかしい,和装が艶かしい。,艶,なまめ,X,かしい
156,訓読み,a,栃,とち,栃の実の灰汁を抜く。,栃,とち,X,X
157,訓読み,a,鯛,たい,えびで鯛を釣る。,鯛,たい,X,X
158,訓読み,a,栽培,さいばい,椎茸を栽培する。,栽培,さいばい,X,X
159,訓読み,a,屍,しかばね,屍を人前にさらす。,屍,しかばね,X,X
160,訓読み,a,兜,かぶと,兜の緒を締める。,兜,かぶと,X,X
161,訓読み,a,杭,くい,境界線に杭を打つ。,杭,くい,X,X
162,訓読み,a,蹴鞠,けまり,園庭で蹴鞠を楽しむ。,蹴鞠,けまり,X,X
163,訓読み,a,妖しい,あやしい,妖しい魅力がある。,妖,あや,X,しい
164,訓読み,a,神楽,かぐら,神楽を奉納する。,神楽,かぐら,X,X
165,訓読み,a,鮫,さめ,鮫をもりで捕らえる。,鮫,さめ,X,X
166,訓読み,a,被る,かぶる,布団を被って寝る。,被,かぶ,X,る
167,訓読み,a,鶯,うぐいす,鶯が春を告げる。,鶯,うぐいす,X,X
168,訓読み,a,辻斬り,つじぎり,辻斬りに遭遇する。,辻斬,つじぎ,X,り
169,訓読み,a,茜雲,あかねぐも,茜雲が秋空に耀く。,茜雲,あかねぐも,X,X
170,訓読み,a,勾玉,まがたま,勾玉が出土する。,勾玉,まがたま,X,X
171,訓読み,a,側,そば,暖炉の側に寄る。,側,そば,X,X
172,訓読み,a,曲者,くせもの,曲者が忍び込む。,曲者,くせもの,X,X
173,訓読み,a,常闇,とこやみ,常闇に包まれる。,常闇,とこやみ,X,X
174,訓読み,a,柊,ひいらぎ,庭園に柊を植える。,柊,ひいらぎ,X,X
175,訓読み,a,小径,こみち,小径を散歩する。,小径,こみち,X,X
176,訓読み,a,蟻,あり,蟻が土に巣穴を作る。,蟻,あり,X,X
177,訓読み,a,揃える,そろえる,商品を豊富に揃える。,揃,そろ,X,える
178,訓読み,a,柚湯,ゆずゆ,冬至に柚湯に浸かる。,柚湯,ゆずゆ,X,X
179,訓読み,a,杯,さかずき,杯を酌み交わす。,杯,さかずき,X,X
180,訓読み,a,楯突く,たてつく,弟子が師に楯突く。,楯突,たてつ,X,く
181,訓読み,a,御伽噺,おとぎばなし,幼子に御伽噺を読む。,御伽噺,おとぎばなし,X,X
182,訓読み,a,縞鰺,しまあじ,縞鰺を三枚に下ろす。,縞鰺,しまあじ,X,X
183,訓読み,a,竿,さお,竿に釣り糸を付ける。,竿,さお,X,X
184,表外読み,a,強か,したたか,転んで強かに腰を打った。,強,したた,X,か
185,表外読み,a,労る,いたわる,お年寄りを労る心が大切だ。,労,いたわ,X,る
186,表外読み,a,長ける,たける,漢字の読み書きに長けている。,長,た,X,ける
187,表外読み,a,慮る,おもんぱかる,友人の立場を慮って対処する。,慮,おもんぱか,X,る
188,表外読み,a,集る,たかる,蟻が残飯に集っている。,集,たか,X,る
189,表外読み,a,番,つがい,猫を一番で飼う。,番,つがい,X,X
190,表外読み,a,妄り,みだり,妄りに信じてはいけない。,妄,みだ,X,り
191,表外読み,a,万,よろず,万承ります。,万,よろず,X,X
192,表外読み,a,予め,あらかじめ,予め資料を作成しておく。,予,あらかじ,X,め
193,表外読み,a,邪,よこしま,邪なたくらみが暴かれる。,邪,よこしま,X,X
194,表外読み,a,設える,しつらえる,客間を和風に設える。,設,しつら,X,える
195,表外読み,a,弁える,わきまえる,前後の弁えもなく発言してしまう。,弁,わきま,X,える
196,表外読み,a,棺,ひつぎ,愛用の品とともに棺に納める。,棺,ひつぎ,X,X
197,表外読み,a,頻り,しきり,隣家の犬が頻りに吠えている。,頻,しき,X,り
198,表外読み,a,抗う,あらがう,時代の趨勢に抗うことはできない。,抗,あらが,X,う
199,表外読み,a,爆ぜる,はぜる,火が爆ぜる暖炉の周りでくつろぐ。,爆,は,X,ぜる
200,表外読み,a,奇しくも,くしくも,奇しくも同年齢だった。,奇,く,X,しくも
201,表外読み,a,凍てつく,いてつく,凍てつくような夜空の下を歩く。,凍,い,X,てつく
202,表外読み,a,徒,いたずら,目的もなく徒に時を費やす。,徒,いたずら,X,X
203,表外読み,a,則る,のっとる,歓迎会は慣習に則って行われる。,則,のっと,X,る
204,表外読み,a,均す,ならす,荒れ地を均して公園にする。,均,なら,X,す
205,表外読み,a,尽く,ことごとく,作戦が尽く失敗する。,尽,ことごと,X,く
206,表外読み,a,雅,みやび,バレリーナが雅に舞った。,雅,みやび,X,X
207,表外読み,a,寛ぐ,くつろぐ,ゆったり寛げる特等室だ。,寛,くつろ,X,ぐ
208,表外読み,a,詳らか,つまびらか,自宅の間取りを詳らかに製図する。,詳,つまび,X,らか
209,表外読み,a,鑑みる,かんがみる,過去の歴史を鑑みて判断を下す。,鑑,かんが,X,みる
210,表外読み,a,疎か,おろそか,命を疎かにしてはならない。,疎,おろそ,X,か
211,表外読み,a,諸,もろもろ,諸の事情を汲む。,諸,もろもろ,X,X
212,表外読み,a,企む,たくらむ,よからぬことを企んでいるな。,企,たくら,X,む
214,表外読み,a,理,ことわり,盛者必衰の理。,理,ことわり,X,X
215,音読み,b,後胤,こういん,天皇の後胤として大切にされる。,後胤,こういん,X,X
216,音読み,b,釜中,ふちゅう,釜中の魚、絶体絶命だ。,釜中,ふちゅう,X,X
217,音読み,b,上巳,じょうし,上巳は五節句の一つだ。,上巳,じょうし,X,X
218,音読み,b,推戴,すいたい,彼を総裁として推戴する。,推戴,すいたい,X,X
219,音読み,b,謬言,びゅうげん,謬言を恥じて口をつぐむ。,謬言,びゅうげん,X,X
220,音読み,b,俗諺,ぞくげん,地域の俗諺を調べる。,俗諺,ぞくげん,X,X
221,音読み,b,膝下,しっか,未だ父母の膝下に留まる。,膝下,しっか,X,X
222,音読み,b,翠嵐,すいらん,翠嵐のなかを歩く。,翠嵐,すいらん,X,X
223,音読み,b,穆穆,ぼくぼく,穆穆たる天子に仕える。,穆穆,ぼくぼく,X,X
224,音読み,b,罫紙,けいし,花の描かれた罫紙を購入する。,罫紙,けいし,X,X
225,音読み,b,聾する,ろうする,耳を聾する騒音が安眠を妨げた。,聾,ろう,X,する
226,音読み,b,亥月,がいげつ,亥月を迎えて紅葉が見頃だ。,亥月,がいげつ,X,X
227,音読み,b,熊掌,ゆうしょう,熊掌は中国で美味の象徴とされている。,熊掌,ゆうしょう,X,X
228,音読み,b,欽慕,きんぼ,先生に欽慕の情を抱く。,欽慕,きんぼ,X,X
229,音読み,b,杏林,きょうりん,杏林とは医者の美称だ。,杏林,きょうりん,X,X
230,音読み,b,仇怨,きゅうえん,積年の仇怨を晴らす時が来た。,仇怨,きゅうえん,X,X
231,音読み,b,鬱散,うっさん,鬱散に酒でも飲まないか。,鬱散,うっさん,X,X
232,音読み,b,領袖,りょうしゅう,政党の領袖となる。,領袖,りょうしゅう,X,X
233,音読み,b,賞牌,しょうはい,優勝者に賞牌を授与する。,賞牌,しょうはい,X,X
234,音読み,b,倭訓,わくん,古代の漢籍に倭訓を付ける。,倭訓,わくん,X,X
235,音読み,b,匡正,きょうせい,綱紀の匡正を行う。,匡正,きょうせい,X,X
236,音読み,b,弓箭,きゅうせん,弓箭の出を鼻にかける。,弓箭,きゅうせん,X,X
237,音読み,b,赫灼,かくしゃく,赫灼たる太陽の光を浴びる。,赫灼,かくしゃく,X,X
238,音読み,b,曽遊,そうゆう,曽遊の地を再び訪ねる。,曽遊,そうゆう,X,X
239,音読み,b,妖姫,ようき,この物語の主人公は妖姫だ。,妖姫,ようき,X,X
240,音読み,b,蒙昧,もうまい,無知蒙昧の輩ほど楽観している。,蒙昧,もうまい,X,X
241,音読み,b,耽読,たんどく,時間を忘れて推理小説を耽読した。,耽読,たんどく,X,X
242,音読み,b,杜漏,ずろう,杜漏な計画はすぐに破綻する。,杜漏,ずろう,X,X
243,音読み,b,袖珍,しゅうちん,袖珍本を携帯する。,袖珍,しゅうちん,X,X
244,音読み,b,邑落,ゆうらく,山中にはいくつかの邑落がある。,邑落,ゆうらく,X,X
245,音読み,b,廟議,びょうぎ,廟議により決定が下された。,廟議,びょうぎ,X,X
246,音読み,b,卜占,ぼくせん,大王は卜占にて政事を執り行った。,卜占,ぼくせん,X,X
247,音読み,b,暁闇,ぎょうあん,暁闇をついて旅路に就いた。,暁闇,ぎょうあん,X,X
248,音読み,b,貼用,ちょうよう,ここに収入印紙を貼用する。,貼用,ちょうよう,X,X
249,音読み,b,棲息,せいそく,その生き物は木の穴に棲息する。,棲息,せいそく,X,X
250,音読み,b,湛然,たんぜん,彼女の湛然とした態度に感心する。,湛然,たんぜん,X,X
251,音読み,b,叱正,しっせい,師のご叱正を仰いだ。,叱正,しっせい,X,X
252,音読み,b,凋残,ちょうざん,凋残の姿に切なさをおぼえる。,凋残,ちょうざん,X,X
253,音読み,b,名諺,めいげん,美しい景色を前に名諺を口ずさむ。,名諺,めいげん,X,X
254,音読み,b,舌尖,ぜっせん,舌尖鋭く相手に詰め寄る。,舌尖,ぜっせん,X,X
255,音読み,b,焚刑,ふんけい,敵軍の将は焚刑に処せられた。,焚刑,ふんけい,X,X
256,音読み,b,沃土,よくど,沃土を耕して作物を作る。,沃土,よくど,X,X
257,音読み,b,遡上,そじょう,秋になると鮭が川を遡上する。,遡上,そじょう,X,X
258,音読み,b,剣戟,けんげき,両軍相まみえて剣戟を振るう。,剣戟,けんげき,X,X
259,音読み,b,押捺,おうなつ,契約書に署名とともに押捺する。,押捺,おうなつ,X,X
260,音読み,b,箭頭,せんとう,発掘された箭頭を調査する。,箭頭,せんとう,X,X
261,音読み,b,僻遠,へきえん,僻遠の地に赴任する。,僻遠,へきえん,X,X
262,音読み,b,蕪辞,ぶじ,蕪辞を連ねてお祝いの言葉とする。,蕪辞,ぶじ,X,X
263,音読み,b,浮腫,ふしゅ,皮膚がむくみ浮腫ができている。,浮腫,ふしゅ,X,X
264,音読み,b,正閏,せいじゅん,南北朝は正閏の争いの時代だった。,正閏,せいじゅん,X,X
265,音読み,b,咽下,えんか,異物を咽下しないように気をつける。,咽下,えんか,X,X
266,音読み,b,黛青,たいせい,黛青の山を眺め、春を感じる。,黛青,たいせい,X,X
267,音読み,b,波濤,はとう,岩に波濤が押し寄せる。,波濤,はとう,X,X
268,音読み,b,嚢中,のうちゅう,私の嚢中には一物もない。,嚢中,のうちゅう,X,X
269,音読み,b,清穆,せいぼく,民のため清穆の世が続くことを望む。,清穆,せいぼく,X,X
270,音読み,b,蕩尽,とうじん,すべての財産を蕩尽した。,蕩尽,とうじん,X,X
271,音読み,b,嘗試,しょうし,開発のための各社製品を嘗試する。,嘗試,しょうし,X,X
272,音読み,b,加餐,かさん,ご退院後もご加餐ください。,加餐,かさん,X,X
273,音読み,b,急灘,きゅうだん,急灘を越えるための訓練をする。,急灘,きゅうだん,X,X
274,音読み,b,吻合,ふんごう,双方の話が吻合する。,吻合,ふんごう,X,X
275,音読み,b,知悉,ちしつ,裏事情について知悉している。,知悉,ちしつ,X,X
276,音読み,b,嬰児,えいじ,泣いている嬰児をあやす。,嬰児,えいじ,X,X
277,音読み,b,雅馴,がじゅん,書家らしい雅馴な書きぶりだ。,雅馴,がじゅん,X,X
278,音読み,b,松濤,しょうとう,旅先で松濤に耳をすます。,松濤,しょうとう,X,X
279,音読み,b,歯牙,しが,相手を歯牙にもかけない態度だ。,歯牙,しが,X,X
280,音読み,b,首魁,しゅかい,騒動の首魁を捕らえる。,首魁,しゅかい,X,X
281,音読み,b,夙志,しゅくし,やっとの思いで夙志を叶える。,夙志,しゅくし,X,X
282,音読み,b,天蓋,てんがい,天蓋つきのベッドで眠る。,天蓋,てんがい,X,X
283,音読み,b,岡陵,こうりょう,岡陵の遺跡を訪れる。,岡陵,こうりょう,X,X
284,音読み,b,横溢,おういつ,エネルギーが横溢している。,横溢,おういつ,X,X
285,音読み,b,惣領,そうりょう,惣領息子を一人前に育てる。,惣領,そうりょう,X,X
286,音読み,b,自彊,じきょう,自彊してやまず。,自彊,じきょう,X,X
287,音読み,b,堵列,とれつ,高官が堵列して国賓を出迎える。,堵列,とれつ,X,X
288,音読み,b,一瞥,いちべつ,一瞥して去っていった。,一瞥,いちべつ,X,X
289,音読み,b,胡乱,うろん,胡乱な者が近所をうろついている。,胡乱,うろん,X,X
290,音読み,b,燦燦,さんさん,日が燦燦と照りつける。,燦燦,さんさん,X,X
291,音読み,b,欽定,きんてい,新しい欽定憲法が制定された。,欽定,きんてい,X,X
292,音読み,b,厨芥,ちゅうかい,厨芥を回収して堆肥に変える。,厨芥,ちゅうかい,X,X
293,音読み,b,儲嗣,ちょし,国王が儲嗣に帝王学を授ける。,儲嗣,ちょし,X,X
294,音読み,b,翫弄,がんろう,物を翫弄して気を紛らす。,翫弄,がんろう,X,X
295,音読み,b,筆鋒,ひっぽう,その評論は筆鋒鋭い。,筆鋒,ひっぽう,X,X
296,音読み,b,頸聯,けいれん,頸聯の対句が巧みな漢詩だ。,頸聯,けいれん,X,X
297,音読み,b,勾引,こういん,裁判所から勾引状が届く。,勾引,こういん,X,X
298,音読み,b,兇刃,きょうじん,都会の片隅で兇刃に倒れた。,兇刃,きょうじん,X,X
299,音読み,b,残鶯,ざんおう,物悲しい残鶯の声が響く。,残鶯,ざんおう,X,X
300,音読み,b,廟堂,びょうどう,御所の廟堂を見学する。,廟堂,びょうどう,X,X
301,音読み,b,夙起,しゅっき,夙起して散歩に出かける。,夙起,しゅっき,X,X
302,音読み,b,厭世,えんせい,厭世の感にとらわれる。,厭世,えんせい,X,X
303,音読み,b,溢決,いっけつ,豪雨の影響で川が溢決する。,溢決,いっけつ,X,X
304,音読み,b,烏兎,うと,烏兎が矢のように過ぎ去っていく。,烏兎,うと,X,X
305,音読み,b,嘆声,たんせい,隣家の嘆声が耳につく。,嘆声,たんせい,X,X
306,音読み,b,佳辰,かしん,佳辰に結納を取りかわす。,佳辰,かしん,X,X
307,音読み,b,魁傑,かいけつ,門下に魁傑がそろう。,魁傑,かいけつ,X,X
308,音読み,b,瞥見,べっけん,資料を瞥見して講演する。,瞥見,べっけん,X,X
309,音読み,b,骸骨,がいこつ,古代人の骸骨が発見された。,骸骨,がいこつ,X,X
310,音読み,b,抜錨,ばつびょう,夕方には抜錨する予定だ。,抜錨,ばつびょう,X,X
311,音読み,b,半帖,はんじょう,半帖の紙に書をしたためる。,半帖,はんじょう,X,X
312,音読み,b,晦冥,かいめい,晦冥の中を進む。,晦冥,かいめい,X,X
313,音読み,b,智慧,ちえ,仏の智慧を学ぶ。,智慧,ちえ,X,X
314,音読み,b,遡及,そきゅう,判決を下すための判例を遡及する。,遡及,そきゅう,X,X
315,音読み,b,阿片窟,あへんくつ,昔あそこに阿片窟があった。,阿片窟,あへんくつ,X,X
316,音読み,b,爾後,じご,爾後を何事もなく過ごす。,爾後,じご,X,X
317,音読み,b,弄舌,ろうぜつ,彼の弄舌ぶりには閉口する。,弄舌,ろうぜつ,X,X
318,音読み,b,玩読,がんどく,好きな作家の作品を玩読する。,玩読,がんどく,X,X
319,音読み,b,恩誼,おんぎ,先生の恩誼に報いる。,恩誼,おんぎ,X,X
320,音読み,b,魁首,かいしゅ,盗賊団の魁首となる。,魁首,かいしゅ,X,X
321,音読み,b,蓋棺,がいかん,いよいよ蓋棺のときを迎える。,蓋棺,がいかん,X,X
322,音読み,b,枯凋,こちょう,草木の枯凋を悲しむ。,枯凋,こちょう,X,X
323,音読み,b,乃父,だいふ,乃父としてお前に伝えておきたい。,乃父,だいふ,X,X
324,音読み,b,鶏肋,けいろく,鶏肋の処分に悩む。,鶏肋,けいろく,X,X
325,音読み,b,芳馨,ほうけい,得も言われぬ芳馨に満ちている。,芳馨,ほうけい,X,X
326,音読み,b,劉覧,りゅうらん,役員名簿を劉覧する。,劉覧,りゅうらん,X,X
327,音読み,b,夙昔,しゅくせき,夙昔の願いがようやく叶った。,夙昔,しゅくせき,X,X
328,音読み,b,叡断,えいだん,社長の叡断を仰ぐ。,叡断,えいだん,X,X
329,音読み,b,鄭重,ていちょう,花瓶を鄭重に扱う。,鄭重,ていちょう,X,X
330,音読み,b,碩徳,せきとく,碩徳として礼拝されている。,碩徳,せきとく,X,X
331,音読み,b,戊夜,ぼや,趣味に没頭し戊夜に至った。,戊夜,ぼや,X,X
332,音読み,b,庖厨,ほうちゅう,君子は庖厨を遠ざく。,庖厨,ほうちゅう,X,X
333,音読み,b,叩扉,こうひ,数回叩扉したが返事がなかった。,叩扉,こうひ,X,X
334,音読み,b,懸吊,けんちょう,軒下に提灯を懸吊する。,懸吊,けんちょう,X,X
335,音読み,b,牝馬,ひんば,二頭の牝馬が誕生した。,牝馬,ひんば,X,X
336,音読み,b,老鶯,ろうおう,老鶯は夏の季語である。,老鶯,ろうおう,X,X
337,音読み,b,参籠,さんろう,寺に三日間参籠する。,参籠,さんろう,X,X
338,音読み,b,刺戟,しげき,調味料が舌を刺戟する。,刺戟,しげき,X,X
339,音読み,b,釜竃,ふそう,釜竃を使って炊いた飯は格別だ。,釜竃,ふそう,X,X
340,音読み,b,拝揖,はいゆう,妃に対して拝揖する。,拝揖,はいゆう,X,X
341,音読み,b,歪曲,わいきょく,事実の歪曲して報道する。,歪曲,わいきょく,X,X
342,音読み,b,喧伝,けんでん,種々の言説が喧伝されている。,喧伝,けんでん,X,X
343,音読み,b,厭忌,えんき,戦争を厭忌する。,厭忌,えんき,X,X
344,音読み,b,坤軸,こんじく,坤軸を揺るがす地震。,坤軸,こんじく,X,X
345,音読み,b,落胤,らくいん,御落胤が出家する。,落胤,らくいん,X,X
346,音読み,b,湛湛,たんたん,湛湛と水をたたえる。,湛湛,たんたん,X,X
347,音読み,b,橘中,きっちゅう,橘中の楽しみ。,橘中,きっちゅう,X,X
348,音読み,b,云々,うんぬん,云々すべきではない。,云々,うんぬん,X,X
349,音読み,b,亮然,りょうぜん,亮然たる差が開く。,亮然,りょうぜん,X,X
350,音読み,b,君寵,くんちょう,君寵に浴する。,君寵,くんちょう,X,X
351,音読み,b,負笈,ふきゅう,負笈して立身する。,負笈,ふきゅう,X,X
352,音読み,b,檜垣,ひがき,檜垣で敷地を囲う。,檜垣,ひがき,X,X
353,音読み,b,輪輿,りんよ,輪輿の職人を雇う。,輪輿,りんよ,X,X
354,音読み,b,萌動,ほうどう,草木が萌動する。,萌動,ほうどう,X,X
355,音読み,b,藍綬,らんじゅ,藍綬褒章を授与する。,藍綬,らんじゅ,X,X
356,音読み,b,鎮咳,ちんがい,鎮咳薬を処方する。,鎮咳,ちんがい,X,X
357,音読み,b,宏壮,こうそう,宏壮な屋敷に住む。,宏壮,こうそう,X,X
358,音読み,b,瓦石,がせき,瓦石同然の偽物だ。,瓦石,がせき,X,X
359,音読み,b,註文,ちゅうもん,料理を註文する。,註文,ちゅうもん,X,X
360,音読み,b,剃度,ていど,剃度の儀式を行う。,剃度,ていど,X,X
361,音読み,b,勃如,ぼつじょ,顔色を勃如と変える。,勃如,ぼつじょ,X,X
362,音読み,b,佑宰,ゆうさい,佑宰に相談する。,佑宰,ゆうさい,X,X
363,音読み,b,恩賜,おんし,恩賜公園が開園する。,恩賜,おんし,X,X
364,音読み,b,饗応,きょうおう,旅先で饗応を受ける。,饗応,きょうおう,X,X
365,音読み,b,辛巳,しんし,来年は辛巳にあたる。,辛巳,しんし,X,X
366,音読み,b,斧正,ふせい,斧正を請う。,斧正,ふせい,X,X
367,音読み,b,貫穿,かんせん,広く学問を貫穿する。,貫穿,かんせん,X,X
368,音読み,b,賜餐,しさん,賜餐の栄に浴する。,賜餐,しさん,X,X
369,音読み,b,蒐荷,しゅうか,特産品を蒐荷する。,蒐荷,しゅうか,X,X
370,音読み,b,己丑,きちゅう,己丑の年に逝去する。,己丑,きちゅう,X,X
371,音読み,b,簾政,れんせい,簾政を布く。,簾政,れんせい,X,X
372,音読み,b,馴服,じゅんぷく,鷹を馴服させる。,馴服,じゅんぷく,X,X
373,音読み,b,碧梧,へきご,碧梧が生い茂る。,碧梧,へきご,X,X
374,音読み,b,矩形,くけい,矩形に成型加工する。,矩形,くけい,X,X
375,音読み,b,諒闇,りょうあん,諒闇で祝儀を控える。,諒闇,りょうあん,X,X
376,音読み,b,魁梧,かいご,魁梧たる力士を破る。,魁梧,かいご,X,X
377,音読み,b,註疏,ちゅうそ,註疏を加える。,註疏,ちゅうそ,X,X
378,音読み,b,胡座,こざ,胡座して思索に耽る。,胡座,こざ,X,X
379,音読み,b,亮闇,りょうあん,亮闇が開ける。,亮闇,りょうあん,X,X
380,音読み,b,背馳,はいち,原則に背馳する。,背馳,はいち,X,X
381,音読み,b,卯酉,ぼうゆう,地図に卯酉線を描く。,卯酉,ぼうゆう,X,X
382,音読み,b,灘声,だんせい,渓間に灘声が響く。,灘声,だんせい,X,X
383,音読み,b,姦詐,かんさ,姦詐を見抜く。,姦詐,かんさ,X,X
384,音読み,b,藪林,そうりん,藪林が生い茂る。,藪林,そうりん,X,X
385,音読み,b,歎ずる,たんずる,娘の早世を歎ずる。,歎,たん,X,ずる
386,音読み,b,貨賂,かろ,貨賂を受け取る。,貨賂,かろ,X,X
387,音読み,b,凋零,ちょうれい,文化が凋零する。,凋零,ちょうれい,X,X
388,音読み,b,盤陀,はんだ,導線を盤陀付けする。,盤陀,はんだ,X,X
389,音読み,b,鬱乎,うっこ,鬱乎たる森林が続く。,鬱乎,うっこ,X,X
390,音読み,b,晴嵐,せいらん,晴嵐が吹き荒れる。,晴嵐,せいらん,X,X
391,音読み,b,旦夕,たんせき,敗戦が旦夕に迫る。,旦夕,たんせき,X,X
392,音読み,b,王胤,おういん,王胤が元服する。,王胤,おういん,X,X
393,音読み,b,敦厚,とんこう,敦厚な人柄を慕う。,敦厚,とんこう,X,X
394,音読み,b,錯謬,さくびゅう,文献の錯謬に気付く。,錯謬,さくびゅう,X,X
395,音読み,b,叢書,そうしょ,叢書を熟読玩味する。,叢書,そうしょ,X,X
396,音読み,b,光耀,こうよう,光耀を発する。,光耀,こうよう,X,X
397,音読み,b,辺佑,へんゆう,辺佑で静かに暮らす。,辺佑,へんゆう,X,X
398,音読み,b,弛廃,しはい,綱紀が弛廃する。,弛廃,しはい,X,X
399,音読み,b,貼する,ちょうする,魔除けの札を貼する。,貼,ちょう,X,する
400,音読み,b,林藪,りんそう,林藪に分け入る。,林藪,りんそう,X,X
401,音読み,b,蕃境,ばんきょう,蕃境に踏み入れる。,蕃境,ばんきょう,X,X
402,音読み,b,嵐気,らんき,山は嵐気に包まれた。,嵐気,らんき,X,X
403,音読み,b,聯珠,れんじゅ,聯珠に興じる。,聯珠,れんじゅ,X,X
404,音読み,b,補葺,ほしゅう,屋根を補葺する。,補葺,ほしゅう,X,X
405,音読み,b,禾本,かほん,禾本科に属する。,禾本,かほん,X,X
406,音読み,b,狼戻,ろうれい,狼戻の心を抱く。,狼戻,ろうれい,X,X
407,音読み,b,憐情,れんじょう,孤児に憐情を覚える。,憐情,れんじょう,X,X
408,音読み,b,劫末,ごうまつ,劫末が近づく。,劫末,ごうまつ,X,X
409,音読み,b,浩歎,こうたん,妻の早世に浩歎する。,浩歎,こうたん,X,X
410,音読み,b,幡然,はんぜん,前言を幡然と改める。,幡然,はんぜん,X,X
411,音読み,b,巌頭,がんとう,巌頭に立って眺める。,巌頭,がんとう,X,X
412,音読み,b,水団,すいとん,水団をすする。,水団,すいとん,X,X
413,音読み,b,臣妾,しんしょう,敵の臣妾となる。,臣妾,しんしょう,X,X
414,音読み,b,晃晃,こうこう,街灯が晃晃と輝く。,晃晃,こうこう,X,X
415,音読み,b,逐鹿,ちくろく,豪族同士が逐鹿する。,逐鹿,ちくろく,X,X
416,音読み,b,梓行,しこう,詩集を梓行する。,梓行,しこう,X,X
417,音読み,b,款語,かんご,学友と款語する。,款語,かんご,X,X
418,音読み,b,掃滅,そうめつ,鼠盗を掃滅する。,掃滅,そうめつ,X,X
419,音読み,b,孝悌,こうてい,孝悌は仁を為すの本。,孝悌,こうてい,X,X
420,音読み,b,芝眉,しび,藩主の芝眉を拝する。,芝眉,しび,X,X
421,音読み,b,腫脹,しゅちょう,リンパ節が腫脹する。,腫脹,しゅちょう,X,X
422,音読み,b,談藪,だんそう,談藪を熟読玩味する。,談藪,だんそう,X,X
423,音読み,b,穎悟,えいご,穎悟と評される。,穎悟,えいご,X,X
424,音読み,b,泥裏,でいり,泥裏に土塊を洗う。,泥裏,でいり,X,X
425,音読み,b,鹿柴,ろくさい,鹿柴をめぐらす。,鹿柴,ろくさい,X,X
426,音読み,b,胤嗣,いんし,胤嗣が誕生する。,胤嗣,いんし,X,X
427,音読み,b,辛丑,しんちゅう,来年は辛丑に当たる。,辛丑,しんちゅう,X,X
428,音読み,b,爽然,そうぜん,静養して爽然となる。,爽然,そうぜん,X,X
429,音読み,b,花圃,かほ,早春の花圃を愛でる。,花圃,かほ,X,X
430,音読み,b,戴冠,たいかん,戴冠式が挙行された。,戴冠,たいかん,X,X
431,音読み,b,翰藻,かんそう,翰藻に通じる。,翰藻,かんそう,X,X
432,音読み,b,戊申,ぼしん,戊申の年に生まれる。,戊申,ぼしん,X,X
433,音読み,b,聡慧,そうけい,際立って聡慧な子だ。,聡慧,そうけい,X,X
434,音読み,b,不壊,ふえ,不壊の信仰をもつ。,不壊,ふえ,X,X
435,音読み,b,凄艶,せいえん,凄艶な姿に驚嘆する。,凄艶,せいえん,X,X
436,音読み,b,縦容,しょうよう,縦容と応対する。,縦容,しょうよう,X,X
437,音読み,b,青黛,せいたい,青黛の空を見上げる。,青黛,せいたい,X,X
438,音読み,b,粉黛,ふんたい,外出前に粉黛を施す。,粉黛,ふんたい,X,X
439,音読み,b,紙燭,しそく,紙燭に火を点ける。,紙燭,しそく,X,X
440,音読み,b,吃緊,きっきん,吃緊の課題を扱う。,吃緊,きっきん,X,X
441,音読み,b,衿帯,きんたい,衿帯に陣を張る。,衿帯,きんたい,X,X
442,音読み,b,碩儒,せきじゅ,碩儒に助言を求める。,碩儒,せきじゅ,X,X
443,音読み,b,徒爾,とじ,徒爾に終わる。,徒爾,とじ,X,X
444,音読み,b,潰走,かいそう,我先と潰走する。,潰走,かいそう,X,X
445,音読み,b,膏雨,こうう,膏雨を待つ。,膏雨,こうう,X,X
446,音読み,b,穎哲,えいてつ,疑いのない穎哲だ。,穎哲,えいてつ,X,X
447,音読み,b,謬説,びゅうせつ,謬説に惑わされる。,謬説,びゅうせつ,X,X
448,音読み,b,鬱勃,うつぼつ,鬱勃たる闘志が湧く。,鬱勃,うつぼつ,X,X
449,音読み,b,簸弄,はろう,乱世に簸弄される。,簸弄,はろう,X,X
450,音読み,b,奪掠,だつりゃく,私財を奪掠される。,奪掠,だつりゃく,X,X
451,音読み,b,神祇,じんぎ,神祇を祭る。,神祇,じんぎ,X,X
452,音読み,b,草庵,そうあん,奥地に草庵を結ぶ。,草庵,そうあん,X,X
453,音読み,b,己酉,きゆう,来年は己酉に当たる。,己酉,きゆう,X,X
454,音読み,b,枕辺,ちんぺん,枕辺で看病する。,枕辺,ちんぺん,X,X
455,音読み,b,毀誉,きよ,世の毀誉を意識する。,毀誉,きよ,X,X
456,音読み,b,徽号,きごう,陛下より徽号を賜る。,徽号,きごう,X,X
457,音読み,b,聯結,れんけつ,客車を聯結する。,聯結,れんけつ,X,X
458,音読み,b,暗碧,あんぺき,暗碧の夜空を眺める。,暗碧,あんぺき,X,X
459,音読み,b,虞犯,ぐはん,虞犯少年を更生する。,虞犯,ぐはん,X,X
460,音読み,b,棲遅,せいち,辺境の地で棲遅する。,棲遅,せいち,X,X
461,音読み,b,鳴禽,めいきん,鳴禽の声が響く。,鳴禽,めいきん,X,X
462,音読み,b,掩護,えんご,前戦の兵を掩護する。,掩護,えんご,X,X
463,音読み,b,叩門,こうもん,叩門して中に入る。,叩門,こうもん,X,X
464,音読み,b,嬉戯,きぎ,幼子が嬉戯する。,嬉戯,きぎ,X,X
465,音読み,b,西戎,せいじゅう,西戎が侵入する。,西戎,せいじゅう,X,X
466,音読み,b,冊封,さくほう,王から冊封を受ける。,冊封,さくほう,X,X
467,音読み,b,叡慮,えいりょ,叡慮を奉ずる。,叡慮,えいりょ,X,X
468,音読み,b,金無垢,きんむく,金無垢の時計を買う。,金無垢,きんむく,X,X
469,音読み,b,天竺,てんじく,天竺から伝来する。,天竺,てんじく,X,X
470,音読み,b,淵藪,えんそう,淵藪として栄える。,淵藪,えんそう,X,X
471,音読み,b,甘藷,かんしょ,甘藷で地酒を造る。,甘藷,かんしょ,X,X
472,音読み,b,稗官,はいかん,稗官に甘んじる。,稗官,はいかん,X,X
473,音読み,b,垢衣,こうい,垢衣を脱ぐ。,垢衣,こうい,X,X
474,音読み,b,筆翰,ひっかん,筆翰流るるが如し。,筆翰,ひっかん,X,X
475,音読み,b,小隙,しょうげき,小隙を埋める。,小隙,しょうげき,X,X
476,音読み,b,隠栖,いんせい,都を離れ隠栖する。,隠栖,いんせい,X,X
477,音読み,b,禽鳥,きんちょう,好んで禽鳥を描く。,禽鳥,きんちょう,X,X
478,音読み,b,頃来,けいらい,頃来多忙を極める。,頃来,けいらい,X,X
479,音読み,b,甜瓜,てんか,甜瓜が成熟する。,甜瓜,てんか,X,X
480,音読み,b,奄有,えんゆう,隣地を奄有する。,奄有,えんゆう,X,X
481,音読み,b,斯学,しがく,斯学の権威となす。,斯学,しがく,X,X
482,音読み,b,肌膚,きふ,肌膚に膏薬を貼る。,肌膚,きふ,X,X
483,音読み,b,姦計,かんけい,姦計を巡らす。,姦計,かんけい,X,X
484,音読み,b,飛箭,ひせん,飛箭が降り注ぐ。,飛箭,ひせん,X,X
485,音読み,b,斧斤,ふきん,斧斤で薪を割る。,斧斤,ふきん,X,X
486,音読み,b,捷報,しょうほう,捷報に歓喜する。,捷報,しょうほう,X,X
487,音読み,b,慧悟,けいご,慧悟で勇敢な家臣だ。,慧悟,けいご,X,X
488,音読み,b,慨歎,がいたん,我が境涯を慨歎する。,慨歎,がいたん,X,X
489,音読み,b,塁砦,るいさい,塁砦を構築する。,塁砦,るいさい,X,X
490,音読み,b,論駁,ろんばく,他説を論駁する。,論駁,ろんばく,X,X
491,音読み,b,雛孫,すうそん,雛孫が子猫と戯れる。,雛孫,すうそん,X,X
492,音読み,b,溝渠,こうきょ,溝渠を張り巡らす。,溝渠,こうきょ,X,X
493,音読み,b,群棲,ぐんせい,山中に鹿が群棲する。,群棲,ぐんせい,X,X
494,音読み,b,戎衣,じゅうい,弾が戎衣を貫く。,戎衣,じゅうい,X,X
495,音読み,b,仁恕,じんじょ,仁恕の心で接する。,仁恕,じんじょ,X,X
496,音読み,b,薪柴,しんさい,薪柴を集める。,薪柴,しんさい,X,X
497,音読み,b,翠微,すいび,翠微を眺める。,翠微,すいび,X,X
498,音読み,b,縄矩,じょうく,縄矩を定める。,縄矩,じょうく,X,X
499,音読み,b,乙巳,いっし,乙巳の変が起こる。,乙巳,いっし,X,X
500,音読み,b,符牒,ふちょう,荷物に符牒を付ける。,符牒,ふちょう,X,X
501,音読み,b,妬心,としん,妬心を覚える。,妬心,としん,X,X
502,音読み,b,弁疏,べんそ,弁疏の余地がない。,弁疏,べんそ,X,X
503,音読み,b,訊鞠,じんきく,罪人に訊鞠を加える。,訊鞠,じんきく,X,X
504,音読み,b,羅紗,らしゃ,羅紗の帽子を被る。,羅紗,らしゃ,X,X
505,音読み,b,管窺,かんき,管窺を自覚する。,管窺,かんき,X,X
506,音読み,b,梓匠,ししょう,梓匠を雇う。,梓匠,ししょう,X,X
507,音読み,b,青翠,せいすい,青翠の大海が広がる。,青翠,せいすい,X,X
508,音読み,b,董狐,とうこ,董狐の筆。,董狐,とうこ,X,X
509,音読み,b,欽羨,きんせん,欽羨の念を抱く。,欽羨,きんせん,X,X
510,音読み,b,戊寅,ぼいん,戊寅の年に生まれる。,戊寅,ぼいん,X,X
511,音読み,b,傭役,ようえき,適宜傭役する。,傭役,ようえき,X,X
512,音読み,b,暢茂,ちょうも,灌木が暢茂する。,暢茂,ちょうも,X,X
513,音読み,b,鹿砦,ろくさい,自陣に鹿砦を設ける。,鹿砦,ろくさい,X,X
514,音読み,b,雲梯,うんてい,雲梯で腕力を鍛える。,雲梯,うんてい,X,X
515,音読み,b,庇蔭,ひいん,罪人を庇蔭する。,庇蔭,ひいん,X,X
516,音読み,b,欣求,ごんぐ,浄土を欣求する。,欣求,ごんぐ,X,X
517,音読み,b,糸鳶,しえん,空高く糸鳶をあげる。,糸鳶,しえん,X,X
518,音読み,b,撫す,ぶす,腕を撫して待つ。,撫,ぶ,X,す
519,音読み,b,牒状,ちょうじょう,牒状を送る。,牒状,ちょうじょう,X,X
520,音読み,b,袈裟,けさ,袈裟と衣は心に着よ。,袈裟,けさ,X,X
521,音読み,b,知嚢,ちのう,戦略に知嚢を絞る。,知嚢,ちのう,X,X
522,音読み,b,英彦,えいげん,英彦として尊ばれる。,英彦,えいげん,X,X
523,音読み,b,障碍,しょうがい,障碍を乗り越える。,障碍,しょうがい,X,X
524,音読み,b,占卜,せんぼく,占卜で政事を行う。,占卜,せんぼく,X,X
525,音読み,b,逼塞,ひっそく,片田舎に逼塞する。,逼塞,ひっそく,X,X
526,音読み,b,詮議,せんぎ,容赦なく詮議する。,詮議,せんぎ,X,X
527,音読み,b,賞翫,しょうがん,名器を賞翫する。,賞翫,しょうがん,X,X
528,音読み,b,諒察,りょうさつ,御諒察下さい。,諒察,りょうさつ,X,X
529,音読み,b,火箭,かせん,火箭を打ち上げる。,火箭,かせん,X,X
530,音読み,b,些末,さまつ,些末な事にこだわる。,些末,さまつ,X,X
531,音読み,b,掩撃,えんげき,闇に紛れて掩撃する。,掩撃,えんげき,X,X
532,音読み,b,薬圃,やくほ,薬圃から薬草を摘む。,薬圃,やくほ,X,X
533,音読み,b,嘉節,かせつ,嘉節を皆で祝う。,嘉節,かせつ,X,X
534,音読み,b,濡滞,じゅたい,作業が濡滞する。,濡滞,じゅたい,X,X
535,音読み,b,穎才,えいさい,穎才が認められる。,穎才,えいさい,X,X
536,音読み,b,顎関節,がくかんせつ,顎関節が脱臼する。,顎関節,がくかんせつ,X,X
537,音読み,b,鶏黍,けいしょ,主から鶏黍を受ける。,鶏黍,けいしょ,X,X
538,音読み,b,禎祥,ていしょう,禎祥が見られる。,禎祥,ていしょう,X,X
539,音読み,b,昂然,こうぜん,昂然と胸を張る。,昂然,こうぜん,X,X
540,音読み,b,晦匿,かいとく,官吏を辞め晦匿する。,晦匿,かいとく,X,X
541,音読み,b,濤声,とうせい,砂浜に濤声が響く。,濤声,とうせい,X,X
542,音読み,b,駕御,がぎょ,家臣を駕御する。,駕御,がぎょ,X,X
543,音読み,b,鼠輩,そはい,政敵を鼠輩と蔑む。,鼠輩,そはい,X,X
544,音読み,b,防諜,ぼうちょう,防諜を強化する。,防諜,ぼうちょう,X,X
545,音読み,b,渥丹,あくたん,渥丹の器に薬を盛る。,渥丹,あくたん,X,X
546,音読み,b,軽忽,けいこつ,軽忽な言動を戒める。,軽忽,けいこつ,X,X
547,音読み,b,慧敏,けいびん,慧敏さに感心する。,慧敏,けいびん,X,X
548,音読み,b,烹箭,ほうせん,師から烹箭を教わる。,烹箭,ほうせん,X,X
549,音読み,b,銅壺,どうこ,銅壺で湯を沸かす。,銅壺,どうこ,X,X
550,音読み,b,鞠訊,きくじん,容疑者を鞠訊する。,鞠訊,きくじん,X,X
551,音読み,b,名妓,めいぎ,名妓と評判が高い。,名妓,めいぎ,X,X
552,音読み,b,砥柱,しちゅう,中流の砥柱。,砥柱,しちゅう,X,X
553,音読み,b,逼急,ひっきゅう,情勢が逼急している。,逼急,ひっきゅう,X,X
554,音読み,b,鶯語,おうご,春山に鶯語が響く。,鶯語,おうご,X,X
555,訓読み,b,巽,たつみ,巽の方角にきれいな星が点在する。,巽,たつみ,X,X
556,訓読み,b,頗る,すこぶる,父は頗る上機嫌で出迎えてくれた。,頗,すこぶ,X,る
557,訓読み,b,荻,おぎ,荻の根茎が地中を走る。,荻,おぎ,X,X
558,訓読み,b,戚む,いたむ,母の死を戚む。,戚,いた,X,む
559,訓読み,b,誼,よしみ,昔の誼で口ききしてくれた。,誼,よしみ,X,X
560,訓読み,b,韮,にら,韮には独特のにおいがある。,韮,にら,X,X
561,訓読み,b,鴇色,ときいろ,庭先に鴇色の花が咲き乱れる。,鴇色,ときいろ,X,X
562,訓読み,b,店晒,たなざら,解決策がない難題を店晒しにする。,店晒,たなざら,X,X
563,訓読み,b,姦しい,かしま,子どもの姦しい声が聞こえる。,姦,かしま,X,しい
564,訓読み,b,榊,さかき,祭りで榊の枝を使う。,榊,さかき,X,X
565,訓読み,b,梯,はしご,梯を使って屋根の修理をする。,梯,はしご,X,X
566,訓読み,b,八重葎,やえむぐら,八重葎の覆う庭で過ごす。,八重葎,やえむぐら,X,X
567,訓読み,b,矩,のり,論語に「矩をこえず」とある。,矩,のり,X,X
568,訓読み,b,苫屋,とまや,無人の苫屋で一晩雨露を凌ぐ。,苫屋,とまや,X,X
569,訓読み,b,矢鱈,やたら,洋服を矢鱈に買い込んだ。,矢鱈,やたら,X,X
570,訓読み,b,蹄,ひづめ,牡馬の蹄の音が鳴り響く。,蹄,ひづめ,X,X
571,訓読み,b,讃える,たたえる,永年の功労を讃えて表彰する。,讃,たた,X,える
572,訓読み,b,匁,もんめ,六十匁が一両にあたる。,匁,もんめ,X,X
573,訓読み,b,叛く,そむく,上官の命令に叛いて行動する。,叛,そむ,X,く
574,訓読み,b,殆うく,あやうく,殆うく大事故になるところだった。,殆,あや,X,うく
575,訓読み,b,丞ける,たすける,君子の政務を傍で丞ける。,丞,たす,X,ける
576,訓読み,b,竈,かまど,竈で煮炊きをする。,竈,かまど,X,X
577,訓読み,b,而る,しかる,三たび思いて而る後行う。,而,しか,X,る
578,訓読み,b,掠めた,かすめた,母の悲しそうな姿が心を掠めた。,掠,かす,X,めた
579,訓読み,b,俣,また,川の俣にゴミがたまっている。,俣,また,X,X
580,訓読み,b,瑞瑞しい,みずみずしい,瑞瑞しい歌声が心にとまる。,瑞瑞,みずみず,X,しい
581,訓読み,b,乍ち,たちまち,勝利を知り乍ち明るくなった。,乍,たちま,X,ち
582,訓読み,b,簾,すだれ,日よけに簾をおろす。,簾,すだれ,X,X
583,訓読み,b,漉く,すく,木の皮などを原料にして紙を漉く。,漉,す,X,く
584,訓読み,b,亘る,わたる,研究論文は五百ページに亘る。,亘,わた,X,る
585,訓読み,b,鍍金,めっき,鍍金がはげる。,鍍金,めっき,X,X
586,訓読み,b,鍔,つば,息子は鍔のない帽子が好きだ。,鍔,つば,X,X
587,訓読み,b,杏,あんず,杏の実をジャムにする。,杏,あんず,X,X
588,訓読み,b,鞘,さや,元の鞘におさまった。,鞘,さや,X,X
589,訓読み,b,爾,なんじ,爾、自らを知れ。,爾,なんじ,X,X
590,訓読み,b,櫓,やぐら,櫓の上から火事を発見した。,櫓,やぐら,X,X
591,訓読み,b,纏う,まとう,子どもが母親に纏いつく。,纏,まと,X,う
592,訓読み,b,樫,かし,公園の樫の実を拾う。,樫,かし,X,X
593,訓読み,b,潰える,ついえる,その瞬間に望みが潰えた。,潰,つい,X,える
594,訓読み,b,厭,いや,厭な夢にうなされる。,厭,いや,X,X
595,訓読み,b,厩,うまや,厩の馬を放牧する。,厩,うまや,X,X
596,訓読み,b,骸,むくろ,死んでただの骸になってしまった。,骸,むくろ,X,X
597,訓読み,b,儘,まま,儘ならぬ世の中だ。,儘,まま,X,X
598,訓読み,b,愈,いよいよ,愈、自分の出番が来た。,愈,いよいよ,X,X
599,訓読み,b,逗まる,とどまる,海辺の宿に逗まることにした。,逗,とど,X,まる
600,訓読み,b,尖,さき,尖のとがった石を拾った。,尖,さき,X,X
601,訓読み,b,撞く,つく,古寺の鐘を撞く。,撞,つ,X,く
602,訓読み,b,玩ぶ,もてあそぶ,人の心を玩んだりしない。,玩,もてあそ,X,ぶ
603,訓読み,b,尖い,するどい,尖い刃に一瞬たじろいだ。,尖,するど,X,い
604,訓読み,b,凝る,こる,目を凝らして経過を見守る。,凝,こ,X,る
605,訓読み,b,筏,いかだ,無謀にも筏で急流を下る。,筏,いかだ,X,X
606,訓読み,b,盈ちる,みちる,月がだんだんと盈ちる。,盈,み,X,ちる
607,訓読み,b,斯,これ,斯は誰のものですか。,斯,これ,X,X
608,訓読み,b,潤目鰯,うるめいわし,捕れた潤目鰯を干物にする。,潤目鰯,うるめいわし,X,X
609,訓読み,b,忽ち,たちまち,忽ち人が集まってきた。,忽,たちま,X,ち
610,訓読み,b,劃ける,わける,友情を劃かつ出来事があった。,劃,わ,X,ける
611,訓読み,b,罷める,やめる,大臣を罷めさせる。,罷,や,X,める
612,訓読み,b,栃餅,とちもち,栃餅は秋の季語だ。,栃餅,とちもち,X,X
613,訓読み,b,謀す,しめす,謀し合わせたかのような偶然だ。,謀,しめ,X,す
614,訓読み,b,麿,まろ,麿は一人称だ。,麿,まろ,X,X
615,訓読み,b,柾目,まさめ,柾目の美しい木材を選ぶ。,柾目,まさめ,X,X
616,訓読み,b,疏んじる,うとんじる,人の厚意を疏んじる。,疏,うと,X,んじる
617,訓読み,b,鴛鴦,おしどり,両親は鴛鴦夫婦と呼ばれている。,鴛鴦,おしどり,X,X
618,訓読み,b,沫,しぶき,打ち水の沫が顔にかかる。,沫,しぶき,X,X
619,訓読み,b,疏ら,まばら,夜道は人影が疏らだ。,疏,まば,X,ら
620,訓読み,b,蓋う,おおう,球場は熱気に蓋われていた。,蓋,おお,X,う
621,訓読み,b,僻む,ひがむ,兄ばかり褒められ弟が僻む。,僻,ひが,X,む
622,訓読み,b,翫ぶ,もてあそぶ,人の気持ちを翫ぶな。,翫,もてあそ,X,ぶ
623,訓読み,b,荊,いばら,彼の一生は荊の道であった。,荊,いばら,X,X
624,訓読み,b,叢,むら,山肌に木々が叢立っている。,叢,むら,X,X
625,訓読み,b,奄ち,たちまち,奄ちうわさが広まった。,奄,たちま,X,ち
626,訓読み,b,嘗て,かつて,未だ嘗て聞いたことがない。,嘗,かつ,X,て
627,訓読み,b,凡そ,およそ,学校からは凡そ五百メートルだ。,凡,およ,X,そ
628,訓読み,b,畏まる,かしこまる,学長の前に出て思わず畏まる。,畏,かしこ,X,まる
629,訓読み,b,掬う,すくう,夏まつりで金魚掬いを楽しんだ。,掬,すく,X,う
630,訓読み,b,山鉾,やまほこ,京の街を山鉾が巡行する。,山鉾,やまほこ,X,X
631,訓読み,b,猶,なお,今猶達者に暮らす。,猶,なお,X,X
632,訓読み,b,窃か,ひそか,窃かに物を盗む。,窃,ひそ,X,か
633,訓読み,b,縮緬,ちりめん,縮緬の羽織を着る。,縮緬,ちりめん,X,X
634,訓読み,b,趨る,はしる,極端に趨る。,趨,はし,X,る
635,訓読み,b,彊い,つよい,国を彊くする。,彊,つよ,X,い
636,訓読み,b,梢,こずえ,梢を切り落とす。,梢,こずえ,X,X
637,訓読み,b,耀く,かがやく,月が青白く耀く。,耀,かがや,X,く
638,訓読み,b,黄昏,たそがれ,黄昏時に帰途に就く。,黄昏,たそがれ,X,X
639,訓読み,b,浅葱,あさぎ,浅葱色の服を着る。,浅葱,あさぎ,X,X
640,訓読み,b,錫,すず,錫を産出する。,錫,すず,X,X
641,訓読み,b,鎖す,とざす,国を長く鎖す。,鎖,とざ,X,す
642,訓読み,b,鋤鍬,すきくわ,鋤鍬で開墾する。,鋤鍬,すきくわ,X,X
643,訓読み,b,嵩高,かさだか,嵩高に物を言う。,嵩高,かさだか,X,X
644,訓読み,b,千尋,ちひろ,千尋の谷底に落ちる。,千尋,ちひろ,X,X
645,訓読み,b,冠る,かむる,新調した帽子を冠る。,冠,かむ,X,る
646,訓読み,b,藁,わら,藁にもすがる思い。,藁,わら,X,X
647,訓読み,b,只管,ひたすら,只管無事を祈る。,只管,ひたすら,X,X
648,訓読み,b,碍げる,さまたげる,発展を碍げる。,碍,さまた,X,げる
649,訓読み,b,蒲,がま,蒲が生い茂る。,蒲,がま,X,X
650,訓読み,b,申年,さるどし,息子は申年生まれだ。,申年,さるどし,X,X
651,訓読み,b,愛弟子,まなでし,愛弟子に説諭する。,愛弟子,まなでし,X,X
652,訓読み,b,紙撚,こより,書類を紙撚で綴じる。,紙撚,こより,X,X
653,訓読み,b,蔦,つた,壁一面に蔦が這う。,蔦,つた,X,X
654,訓読み,b,隼,はやぶさ,隼が獲物を狙う。,隼,はやぶさ,X,X
655,訓読み,b,真鰯,まいわし,真鰯を塩焼きにする。,真鰯,まいわし,X,X
656,訓読み,b,畦道,あぜみち,畦道を歩いて帰る。,畦道,あぜみち,X,X
657,訓読み,b,塞ぐ,ふさぐ,落石で道を塞ぐ。,塞,ふさ,X,ぐ
658,訓読み,b,曳く,ひく,尾を途中に曳く。,曳,ひ,X,く
659,訓読み,b,楢,なら,楢を切り倒す。,楢,なら,X,X
660,訓読み,b,解れる,ほぐれる,旅で気分が解れる。,解,ほぐ,X,れる
661,訓読み,b,顕れる,あらわれる,不正が顕れる。,顕,あらわ,X,れる
662,訓読み,b,鞭つ,むちうつ,老骨に鞭つ。,鞭,むちう,X,つ
663,訓読み,b,萌黄,もえぎ,萌黄色に布を染める。,萌黄,もえぎ,X,X
664,訓読み,b,一片,ひとひら,一片の花びらが舞う。,一片,ひとひら,X,X
665,訓読み,b,黍餅,きびもち,黍餅を振る舞う。,黍餅,きびもち,X,X
666,訓読み,b,沓巻,くつまき,柱を沓巻で飾る。,沓巻,くつまき,X,X
667,訓読み,b,笹舟,ささぶね,笹舟を水に浮かべる。,笹舟,ささぶね,X,X
668,訓読み,b,択ぶ,えらぶ,良禽は樹を択ぶ。,択,えら,X,ぶ
669,訓読み,b,蝦根,えびね,蝦根が自生する。,蝦根,えびね,X,X
670,訓読み,b,笹身,ささみ,笹身に下味を付ける。,笹身,ささみ,X,X
671,訓読み,b,真榊,まさかき,真榊を奉納する。,真榊,まさかき,X,X
672,訓読み,b,鏑矢,かぶらや,鏑矢を放つ。,鏑矢,かぶらや,X,X
673,訓読み,b,蓋物,ふたもの,蓋物に前菜を盛る。,蓋物,ふたもの,X,X
674,訓読み,b,所以,ゆえん,人の人たる所以だ。,所以,ゆえん,X,X
675,訓読み,b,辻札,つじふだ,辻札を立てる。,辻札,つじふだ,X,X
676,訓読み,b,種麹,たねこうじ,玄米から種麹を造る。,種麹,たねこうじ,X,X
677,訓読み,b,栗鹿子,くりかのこ,茶に栗鹿子を添える。,栗鹿子,くりかのこ,X,X
678,訓読み,b,蝦芋,えびいも,蝦芋の煮物を作る。,蝦芋,えびいも,X,X
679,訓読み,b,路,みち,思慮が浅く路を誤る。,路,みち,X,X
680,訓読み,b,悶える,もだえる,激痛に悶える。,悶,もだ,X,える
681,訓読み,b,賤しい,いやしい,賤しい身となる。,賤,いや,X,しい
682,訓読み,b,鍔際,つばぎわ,絶体絶命の鍔際だ。,鍔際,つばぎわ,X,X
683,訓読み,b,黍,きび,黍餅を焼く。,黍,きび,X,X
684,訓読み,b,旺ん,さかん,血気旺んな若者だ。,旺,さか,X,ん
685,訓読み,b,昌ん,さかん,勢いが昌んになる。,昌,さか,X,ん
686,訓読み,b,愛でる,めでる,満開の桜を愛でる。,愛,め,X,でる
687,訓読み,b,篠笹,しのざさ,篠笹が茂る。,篠笹,しのざさ,X,X
688,訓読み,b,斑入り,ふいり,斑入りの花を飾る。,斑入,ふい,X,り
689,訓読み,b,糠袋,ぬかぶくろ,糠袋で体を洗う。,糠袋,ぬかぶくろ,X,X
690,訓読み,b,寝惚ける,ねぼける,寝惚けて蹴つまずく。,寝惚,ねぼ,X,ける
691,訓読み,b,葦火,あしび,葦火を焚き暖をとる。,葦火,あしび,X,X
692,訓読み,b,轡虫,くつわむし,轡虫の声が騒々しい。,轡虫,くつわむし,X,X
693,訓読み,b,粥腹,かゆばら,粥腹で力が入らない。,粥腹,かゆばら,X,X
694,訓読み,b,小噺,こばなし,小噺を披露する。,小噺,こばなし,X,X
695,訓読み,b,甲斐,かい,苦労の甲斐があった。,甲斐,かい,X,X
696,訓読み,b,後退り,あとずさり,敵を前に後退りする。,後退,あとずさ,X,り
697,訓読み,b,髭,くちひげ,起きて髭を剃る。,髭,くちひげ,X,X
698,訓読み,b,幾何,いくばく,余命幾何もない。,幾何,いくばく,X,X
699,訓読み,b,朝凪,あさなぎ,朝凪の海で舟を漕ぐ。,朝凪,あさなぎ,X,X
700,訓読み,b,鮎汲み,あゆくみ,川で鮎汲みをする。,鮎汲,あゆく,X,み
701,訓読み,b,隈,くま,山中を隈なく捜す。,隈,くま,X,X
702,訓読み,b,匪ず,あらず,我が心石に匪ず。,匪,あら,X,ず
703,訓読み,b,挽く,ひく,材木を鋸で挽き切る。,挽,ひ,X,く
704,訓読み,b,二俣,ふたまた,川が二俣に分かれる。,二俣,ふたまた,X,X
705,訓読み,b,釦,ぼたん,外套の釦を外す。,釦,ぼたん,X,X
706,訓読み,b,井桁,いげた,板を井桁に組む。,井桁,いげた,X,X
707,訓読み,b,幌,ほろ,幌をかけて走る。,幌,ほろ,X,X
708,訓読み,b,椋,むく,椋はなっても木は榎。,椋,むく,X,X
709,訓読み,b,煉る,ねる,緻密な作戦を煉る。,煉,ね,X,る
710,訓読み,b,鷺,さぎ,闇夜に烏、雪に鷺。,鷺,さぎ,X,X
711,訓読み,b,蔀戸,しとみど,夜に蔀戸を下ろす。,蔀戸,しとみど,X,X
712,訓読み,b,油凪,あぶらなぎ,風が止み油凪となる。,油凪,あぶらなぎ,X,X
713,訓読み,b,榎茸,えのきだけ,榎茸を吸い物にする。,榎茸,えのきだけ,X,X
714,訓読み,b,筏形,いかだがた,筏形に花を生ける。,筏形,いかだがた,X,X
715,表外読み,b,与する,くみする,慈善事業に与する。,与,くみ,X,する
716,表外読み,b,糾す,ただす,使途不明のゆくえを糾す。,糾,ただ,X,す
717,表外読み,b,偏,ひとえ,偏に皆様のご協力のお陰です。,偏,ひとえ,X,X
718,表外読み,b,遊ぶ,すさぶ,屋外は風が吹き遊んでいる。,遊,すさ,X,ぶ
719,表外読み,b,徐,おもむろ,内情を徐に明かした。,徐,おもむろ,X,X
720,表外読み,b,戦く,おののく,君主の暴虐ぶりに皆戦いた。,戦,おのの,X,く
721,表外読み,b,肖る,あやかる,芸能人に肖って同じ髪型にする。,肖,あやか,X,る
722,表外読み,b,革める,あらためる,悪い慣習は革めるべきだ。,革,あらた,X,める
723,表外読み,b,解す,ほぐす,気持ちが自然に解れた。,解,ほぐ,X,す
724,表外読み,b,扱く,しごく,師匠に扱かれて腕を上げる。,扱,しご,X,く
725,表外読み,b,概ね,おおむね,機械の調子は概ね良好です。,概,おおむ,X,ね
726,表外読み,b,努努,ゆめゆめ,作り事だとは努努思わなかった。,努努,ゆめゆめ,X,X
727,表外読み,b,存える,ながらえる,何があっても生き存えてみせる。,存,ながら,X,える
728,表外読み,b,鈍,にび,父の作業着は鈍色だ。,鈍,にび,X,X
729,表外読み,b,敵う,かなう,クラスで彼女に敵う者はいない。,敵,かな,X,う
730,表外読み,b,熟す,こなす,流行の服を上手く着熟す。,熟,こな,X,す
731,表外読み,b,応に,まさに,応に故郷の事を知るべし。,応,まさ,X,に
732,表外読み,b,盟う,ちかう,互いに協力し合うことを盟う。,盟,ちか,X,う
733,表外読み,b,質す,ただす,事の真偽を厳しく質す。,質,ただ,X,す
734,表外読み,b,周く,あまねく,周く世間に知れ渡っている。,周,あまね,X,く
735,表外読み,b,点てる,たてる,茶を点てて客人をもてなす。,点,た,X,てる
736,表外読み,b,糾う,あざなう,草で縄を糾う。,糾,あざな,X,う
737,表外読み,b,力める,つとめる,猛勉強して成績向上に力める。,力,つと,X,める
738,表外読み,b,報せる,しらせる,水質の調査結果を報せる。,報,しら,X,せる
739,表外読み,b,翼ける,たすける,将軍を翼ける役職につく。,翼,たす,X,ける
740,表外読み,b,階,きざはし,古寺の階を上る。,階,きざはし,X,X
741,表外読み,b,刺,とげ,刺のある言葉に傷ついた。,刺,とげ,X,X
742,表外読み,b,勤しむ,いそしむ,宣教師として布教に勤しむ。,勤,いそ,X,しむ
743,表外読み,b,直,ひた,彼の直向きさが信頼を生んでいる。,直,ひた,X,X
744,表外読み,b,斉しい,ひとしい,皆が斉しく立ち上がった。,斉,ひと,X,しい
745,表外読み,b,謙る,へりくだる,謙って敬意を示す。,謙,へりくだ,X,る
746,表外読み,b,斥う,うかがう,窓から様子を斥う。,斥,うかが,X,う
747,表外読み,b,寧ろ,むしろ,予想は外れたが寧ろ好い結果だ。,寧,むし,X,ろ
748,表外読み,b,残なう,そこなう,翠は羽を以て自ら残なう。,残,そこ,X,なう
749,表外読み,b,比ぶ,ならぶ,観光収入はドイツに比ぶ。,比,なら,X,ぶ
750,表外読み,b,孔,あな,炭には小さな孔が空いている。,孔,あな,X,X
751,表外読み,b,象る,かたどる,このケーキはハートを象っている。,象,かたど,X,る
752,表外読み,b,匿う,かくまう,しばらくの間、友人を匿う。,匿,かくま,X,う
753,表外読み,b,需める,もとめる,客の需めに応じて和服を仕立てる。,需,もと,X,める
754,表外読み,b,喚く,わめく,不満を持つ民衆が口々に喚いた。,喚,わめ,X,く
755,表外読み,b,遍く,あまねく,遍く全国に医療を提供する。,遍,あまね,X,く
756,表外読み,b,害なう,そこなう,働き詰めで健康を害なう。,害,そこ,X,なう
757,表外読み,b,拓く,ひらく,歌手としての新境地を拓いた。,拓,ひら,X,く
758,表外読み,b,諦らか,つまびらか,会議の内容を諦らかにする。,諦,つまび,X,らか
759,表外読み,b,謄し,うつし,住民票の謄しを提出する。,謄,うつ,X,し
760,表外読み,b,脅える,おびえる,神出鬼没の敵の影に脅える。,脅,おび,X,える
761,表外読み,b,聴す,ゆるす,医師から短時間の外出が聴された。,聴,ゆる,X,す
762,表外読み,b,鬱ぐ,ふさぐ,事がうまく運ばずに鬱ぎ込む。,鬱,ふさ,X,ぐ
763,表外読み,b,発く,あばく,古墳を発いて古代を研究する。,発,あば,X,く
764,表外読み,b,撮む,つまむ,強烈な刺激臭に思わず鼻を撮んだ。,撮,つま,X,む
765,表外読み,b,苛む,さいなむ,手出しができず無力感に苛まれる。,苛,さいな,X,む
766,表外読み,b,親ら,みずから,天子親から朝敵を征伐する。,親,みずか,X,ら
767,表外読み,b,創,きず,足に創を負う。,創,きず,X,X
768,表外読み,b,方に,まさに,方に父が訪ねた日だった。,方,まさ,X,に
769,表外読み,b,訂す,ただす,版を改め大幅に訂す。,訂,ただ,X,す
770,表外読み,b,布袋,ほてい,布袋は七福神のひとりだ。,布袋,ほてい,X,X
771,表外読み,b,荒む,すさむ,失恋してから心が荒んだ。,荒,すさ,X,む
772,表外読み,b,衝く,つく,風雨を衝いて決行する。,衝,つ,X,く
773,表外読み,b,普く,あまねく,普く世界に知られることとなる。,普,あまね,X,く
774,表外読み,b,零れる,こぼれる,思わず笑みが零れた。,零,こぼ,X,れる
775,表外読み,b,帳,とばり,辺りが夜の帳に包まれる。,帳,とばり,X,X
776,表外読み,b,好,よしみ,昔の好で大目に見よう。,好,よしみ,X,X
777,表外読み,b,丹,に,丹塗りのお椀を買った。,丹,に,X,X
778,表外読み,b,掌る,つかさどる,神殿に農耕を掌る女神を祭る。,掌,つかさど,X,る
779,表外読み,b,署す,しるす,有名画家の名が署された版画。,署,しる,X,す
780,表外読み,b,斜,はす,家の斜向かいに大きな桜がある。,斜,はす,X,X
781,表外読み,b,熱る,ほてる,恥ずかしさに思わず顔が熱った。,熱,ほて,X,る
782,表外読み,b,擁る,まもる,親鳥が巣箱でヒナを擁る。,擁,まも,X,る
783,表外読み,b,荘か,おごそか,荘かな琴の音色に耳を傾ける。,荘,おごそ,X,か
784,表外読み,b,漁る,あさる,めぼしい物はないか漁る。,漁,あさ,X,る
785,表外読み,b,殺ぐ,そぐ,時ならぬ雑音で気分が殺がれた。,殺,そ,X,ぐ
786,表外読み,b,焦れる,じれる,高速道路の渋滞に焦れる。,焦,じ,X,れる
787,表外読み,b,委しい,くわしい,法律に委しい専門家を呼ぶ。,委,くわ,X,しい
788,表外読み,b,散,ばら,半端物を散売りする。,散,ばら,X,X
789,表外読み,b,偶,たまたま,偶買った宝くじが当たった。,偶,たまたま,X,X
790,表外読み,b,完う,まっとう,初心を完うするのは容易ではない。,完,まっと,X,う
791,表外読み,b,轄まる,とりしまる,署員を派遣して轄まりを強化する。,轄,とりし,X,まる
792,表外読み,b,傾げる,かしげる,不可解な行動に首を傾げる。,傾,かし,X,げる
793,表外読み,b,賢しい,さかしい,子どものくせに小賢しい。,賢,さか,X,しい
794,表外読み,b,零す,こぼす,あまりの忙しさに不満を零す。,零,こぼ,X,す
795,表外読み,b,能う,あたう,能う限り迅速に対応します。,能,あた,X,う
796,表外読み,b,削ぐ,そぐ,実情を知り興味を削がれた。,削,そ,X,ぐ
797,表外読み,b,妊る,みごもる,三人目の子どもを妊る。,妊,みごも,X,る
798,表外読み,b,虚ろ,うつろ,高熱を発し虚ろな目で伏せている。,虚,うつ,X,ろ
799,表外読み,b,審らか,つまびらか,審らかな自供を求める。,審,つまび,X,らか
800,表外読み,b,固より,もとより,失敗は固より覚悟の上だ。,固,もと,X,より
801,表外読み,b,更める,あらためる,制度を実情に即して更める。,更,あらた,X,める
802,表外読み,b,勲,いさお,難事業で勲を立てた。,勲,いさお,X,X
803,表外読み,b,験す,ためす,いろいろな方法を験してみよう。,験,ため,X,す
804,表外読み,b,仕る,つかまつる,失礼仕ります。,仕,つかまつ,X,る
805,表外読み,b,副う,そう,ご期待に副えるよう頑張ります。,副,そ,X,う
806,表外読み,b,規す,ただす,校内の風紀を規す。,規,ただ,X,す
807,表外読み,b,幾ど,ほとんど,仕事は幾ど終わっている。,幾,ほとん,X,ど
808,表外読み,b,検める,あらためる,書類に不備がないか検める。,検,あらた,X,める
809,表外読み,b,太だ,はなはだ,太だ畏れ多い話だ。,太,はなは,X,だ
810,表外読み,b,運らせる,めぐらせる,世界情勢に考えを運らす。,運,めぐ,X,らせる
811,表外読み,b,歴る,へる,長い時を歴てたどり着いた。,歴,へ,X,る
812,表外読み,b,崇める,あがめる,救世主と崇められている。,崇,あが,X,める
813,表外読み,b,享ける,うける,戦乱の世に生を享ける。,享,う,X,ける
814,表外読み,b,識す,しるす,感激を心に識す。,識,しる,X,す
815,表外読み,b,迭わる,かわる,二年おきに代表者が迭わる。,迭,か,X,わる
816,表外読み,b,壮ん,さかん,士気が壮んな若者だ。,壮,さか,X,ん
817,表外読み,b,谷まる,きわまる,進退ここに谷まる。,谷,きわ,X,まる
818,表外読み,b,淑やか,しとやか,着物を着て淑やかに振る舞う。,淑,しと,X,やか
819,表外読み,b,薫く,たく,香を薫いて疲れを癒す。,薫,た,X,く
820,表外読み,b,郭詞,くるわことば,ありんすは郭詞だ。,郭詞,くるわことば,X,X
821,表外読み,b,校べる,くらべる,正本と副本を校べる。,校,くら,X,べる
822,表外読み,b,凡て,すべて,きみの意見には凡て賛成だ。,凡,すべ,X,て
823,表外読み,b,相ける,たすける,古株の社員が若社長を傍で相ける。,相,たす,X,ける
824,表外読み,b,項,うなじ,舞子の白い項が目に眩しい。,項,うなじ,X,X
825,表外読み,b,労う,ねぎらう,長年の部長の苦労を労う。,労,ねぎら,X,う
826,音読み,c,嚇怒,かくど,嚇怒した顔で睨みつける。,嚇怒,かくど,X,X
827,音読み,c,汀渚,ていしょ,汀渚に野鳥が群れている。,汀渚,ていしょ,X,X
828,音読み,c,這般,しゃはん,這般の状勢により撤退を決定した。,這般,しゃはん,X,X
829,音読み,c,儲君,ちょくん,儲君として厳格な教育を受ける。,儲君,ちょくん,X,X
830,音読み,c,誰何,すいか,事件現場の近くで景観に誰何された。,誰何,すいか,X,X
831,音読み,c,脇息,きょうそく,座布団にすわり脇息で体を支える。,脇息,きょうそく,X,X
832,音読み,c,弘誓,ぐぜい,菩薩の弘誓は海のように広く深い。,弘誓,ぐぜい,X,X
833,音読み,c,快哉,かいさい,敵陣突破に快哉を叫ぶ。,快哉,かいさい,X,X
834,音読み,c,鶯遷,おうせん,鶯遷を祝い、宴会を催す。,鶯遷,おうせん,X,X
835,音読み,c,壺中,こちゅう,壺中の天に遊ぶ。,壺中,こちゅう,X,X
836,音読み,c,一揖,いちゆう,一揖してその場を去った。,一揖,いちゆう,X,X
837,音読み,c,危殆,きたい,両国の関係は危殆に瀕している。,危殆,きたい,X,X
838,音読み,c,紛擾,ふんじょう,些細なことかた紛擾した。,紛擾,ふんじょう,X,X
839,音読み,c,井蛙,せいあ,井蛙大海を知らず。,井蛙,せいあ,X,X
840,音読み,c,穆,ぼく,穆として清風の如き人だ。,穆,ぼく,X,X
841,音読み,c,杵臼,しょきゅう,身分を越えた杵臼の交わりを持つ。,杵臼,しょきゅう,X,X
842,音読み,c,灘響,だんきょう,旅の宿で灘響を聞く。,灘響,だんきょう,X,X
843,音読み,c,古諺,こげん,世界の古諺を比較する。,古諺,こげん,X,X
844,音読み,c,豪宕,ごうとう,豪宕な性格で一目おかれている。,豪宕,ごうとう,X,X
845,音読み,c,巽言,そんげん,巽言の重みに感服する。,巽言,そんげん,X,X
846,音読み,c,烏有,うゆう,火事のため烏有に帰してしまった。,烏有,うゆう,X,X
847,音読み,c,牝牡,ひんぼ,生まれた子馬の牝牡を確かめる。,牝牡,ひんぼ,X,X
848,音読み,c,雛僧,すうそう,案内役の雛僧。,雛僧,すうそう,X,X
849,音読み,c,孜孜,しし,孜孜として学問に励む。,孜孜,しし,X,X
850,音読み,c,櫛比,しっぴ,この辺りは建物が櫛比している。,櫛比,しっぴ,X,X
851,音読み,c,稗史,はいし,土地の稗史に興味がある。,稗史,はいし,X,X
852,音読み,c,禰宜,ねぎ,禰宜は神主の下に位する。,禰宜,ねぎ,X,X
853,音読み,c,弥縫,びほう,仕事での失敗を弥縫する。,弥縫,びほう,X,X
854,音読み,c,廠舎,しょうしゃ,演習用に廠舎が仮設される。,廠舎,しょうしゃ,X,X
855,音読み,c,祁寒,きかん,祁寒でも子供たちは元気だ。,祁寒,きかん,X,X
856,音読み,c,郁郁,いくいく,郁郁たる梅花に時を忘れる。,郁郁,いくいく,X,X
857,音読み,c,熊胆,ゆうたん,熊胆は胃薬などとして珍重される。,熊胆,ゆうたん,X,X
858,音読み,c,爾汝,じじょ,彼とは爾汝の間柄だ。,爾汝,じじょ,X,X
859,音読み,c,暴戻,ぼうれい,暴戻な領主に抗議する。,暴戻,ぼうれい,X,X
860,音読み,c,蔚蔚,うつうつ,蔚蔚たる原始林が広がる。,蔚蔚,うつうつ,X,X
861,音読み,c,晦渋,かいじゅう,晦渋な文章を読み下す。,晦渋,かいじゅう,X,X
862,音読み,c,夙夜,しゅくや,夙夜、仕事に勤しむ。,夙夜,しゅくや,X,X
863,音読み,c,翠黛,すいたい,翠黛の山に絵筆をとる。,翠黛,すいたい,X,X
864,音読み,c,枕頭,ちんとう,父の枕頭にはいつも本がある。,枕頭,ちんとう,X,X
865,音読み,c,無碍,むげ,融通無碍の境地に達する。,無碍,むげ,X,X
866,音読み,c,艶冶,えんや,舞台で艶冶な舞いを披露する。,艶冶,えんや,X,X
867,音読み,c,蓑笠,さりゅう,吹雪の中、蓑笠の翁に出会った。,蓑笠,さりゅう,X,X
868,音読み,c,亀卜,きぼく,古代中国では亀卜で占った。,亀卜,きぼく,X,X
869,音読み,c,徽章,きしょう,徽章を胸につける。,徽章,きしょう,X,X
870,音読み,c,犀利,さいり,犀利な筆致でぐいぐい読ませる。,犀利,さいり,X,X
871,音読み,c,桐油,とうゆ,番傘には桐油を使う。,桐油,とうゆ,X,X
872,音読み,c,爪牙,そうが,猛獣が爪牙を向けて獲物に迫る。,爪牙,そうが,X,X
873,音読み,c,口吻,こうふん,激しい口吻でなじられた。,口吻,こうふん,X,X
874,音読み,c,椿事,ちんじ,正月から椿事が起こる。,椿事,ちんじ,X,X
875,音読み,c,尤物,ゆうぶつ,彼はなかなかの尤物だ。,尤物,ゆうぶつ,X,X
876,音読み,c,禾穀,かこく,禾穀の豊かな土地で生活する。,禾穀,かこく,X,X
877,音読み,c,厩舎,きゅうしゃ,厩舎からいななきが聞こえる。,厩舎,きゅうしゃ,X,X
878,音読み,c,乃公,だいこう,乃公とは自分のことを指す。,乃公,だいこう,X,X
879,音読み,c,堰堤,えんてい,堰堤を設けて川の水位を調整する。,堰堤,えんてい,X,X
880,音読み,c,錫杖,しゃくじょう,僧侶が錫杖を鳴らす。,錫杖,しゃくじょう,X,X
881,音読み,c,彼此,ひし,彼此の別について論議する。,彼此,ひし,X,X
882,音読み,c,暢達,ちょうたつ,人柄が表れた暢達な筆跡だ。,暢達,ちょうたつ,X,X
883,音読み,c,些事,さじ,些事にこだわると大局を見失う。,些事,さじ,X,X
884,音読み,c,卿相,けいしょう,昔、高官は卿相と呼ばれていた。,卿相,けいしょう,X,X
885,音読み,c,都邑,とゆう,ヨーロッパの古き都邑を訪ねる。,都邑,とゆう,X,X
886,音読み,c,喋喋,ちょうちょう,純文学について喋喋と論じた。,喋喋,ちょうちょう,X,X
887,音読み,c,鉄桶,てっとう,鉄桶の防備でつけいるすきがない。,鉄桶,てっとう,X,X
888,音読み,c,優渥,ゆうあく,王より優渥なる処遇を受ける。,優渥,ゆうあく,X,X
889,音読み,c,穎脱,えいだつ,幼少の頃より穎脱した神童だった。,穎脱,えいだつ,X,X
890,音読み,c,桑梓,そうし,功名を立てて桑梓の地に帰る。,桑梓,そうし,X,X
891,音読み,c,肴核,こうかく,肴核既に尽きて杯盤狼ぜきたり。,肴核,こうかく,X,X
892,音読み,c,姪孫,てっそん,遠方で暮らす姪孫に文を送る。,姪孫,てっそん,X,X
893,音読み,c,頁岩,けつがん,頁岩は泥土が積み重なってできた。,頁岩,けつがん,X,X
894,音読み,c,九皐,きゅうこう,鶴九皐に鳴き、声、天に聞こゆ。,九皐,きゅうこう,X,X
895,音読み,c,萱堂,けんどう,萱堂には大変お世話になりました。,萱堂,けんどう,X,X
896,音読み,c,岡阜,こうふ,岡阜に登って町を眺める。,岡阜,こうふ,X,X
897,音読み,c,禾穂,かすい,稲の禾穂を調べる。,禾穂,かすい,X,X
898,音読み,c,掻頭,そうとう,初対面で照れくさそうに掻頭する。,掻頭,そうとう,X,X
899,音読み,c,茅屋,ぼうおく,茅屋に招いて酒を酌み交わす。,茅屋,ぼうおく,X,X
900,音読み,c,矛戟,ぼうげき,万死を矛戟の下に免るることを得たり。,矛戟,ぼうげき,X,X
901,音読み,c,盤桓,ばんかん,終日盤桓して名刹の風景を楽しむ。,盤桓,ばんかん,X,X
902,音読み,c,馨香,けいこう,人民が徳治の馨香をたたえる。,馨香,けいこう,X,X
903,音読み,c,世諺,せいげん,日本の古い世諺を調べる。,世諺,せいげん,X,X
904,音読み,c,捺染,なっせん,伝統的な捺染の技術を伝承する。,捺染,なっせん,X,X
905,音読み,c,芝蘭,しらん,芝蘭の室に入るが如し。,芝蘭,しらん,X,X
906,音読み,c,衣桁,いこう,衣桁に着物が掛けてある。,衣桁,いこう,X,X
907,音読み,c,豊頬,ほうきょう,彼女の母は豊頬の美人だ。,豊頬,ほうきょう,X,X
908,音読み,c,揖譲,ゆうじょう,古代中国の揖譲の礼を学ぶ。,揖譲,ゆうじょう,X,X
909,音読み,c,秤量,しょうりょう,両者の立場を秤量する。,秤量,しょうりょう,X,X
910,音読み,c,集輯,しゅうしゅう,昔話を集輯する。,集輯,しゅうしゅう,X,X
911,音読み,c,烹炊,ほうすい,海軍で烹炊班に所属していた。,烹炊,ほうすい,X,X
912,音読み,c,腔腸,こうちょう,イソギンチャクは腔腸動物。,腔腸,こうちょう,X,X
913,音読み,c,斌斌,ひんぴん,恩師の斌斌たる人柄が偲ばれる。,斌斌,ひんぴん,X,X
914,音読み,c,鰐魚,がくぎょ,鰐魚を海の神とする説話がある。,鰐魚,がくぎょ,X,X
915,音読み,c,諒恕,りょうじょ,ご諒恕のほどお願い申し上げます。,諒恕,りょうじょ,X,X
916,音読み,c,竪子,じゅし,竪子与に謀るに足らず。,竪子,じゅし,X,X
917,音読み,c,樗,ちょ,吾に大樹有り、人之を樗と謂う。,樗,ちょ,X,X
918,音読み,c,象著,ぞうちょ,象著と玉杯を贈られた。,象著,ぞうちょ,X,X
919,音読み,c,畢生,ひっせい,畢生の大作を書き上げた。,畢生,ひっせい,X,X
920,音読み,c,霊廟,れいびょう,先祖の霊をまつる霊廟がある。,霊廟,れいびょう,X,X
921,音読み,c,城砦,じょうさい,四方に城砦を築く。,城砦,じょうさい,X,X
922,音読み,c,庚申,こうしん,庚申信仰は道教に由来する。,庚申,こうしん,X,X
923,音読み,c,粟粒,ぞくりゅう,表面に粟粒大の汚れが付着する。,粟粒,ぞくりゅう,X,X
924,音読み,c,伽羅,きゃら,香木の質の良いものを伽羅と呼ぶ。,伽羅,きゃら,X,X
925,音読み,c,云為,うんい,人の云為をいちいちあげつらう。,云為,うんい,X,X
926,音読み,c,憐察,れんさつ,苦しい事情をご憐察下さい。,憐察,れんさつ,X,X
927,音読み,c,柴扉,さいひ,柴扉に暮らしております。,柴扉,さいひ,X,X
928,音読み,c,屑屑,せつせつ,屑屑として仕事に励む。,屑屑,せつせつ,X,X
929,音読み,c,椿寿,ちんじゅ,家族で祖母の椿寿を祝った。,椿寿,ちんじゅ,X,X
930,音読み,c,厩肥,きゅうひ,厩肥を使って作物を育てる。,厩肥,きゅうひ,X,X
931,音読み,c,兜巾,ときん,修験者が兜巾をかぶっている。,兜巾,ときん,X,X
932,音読み,c,佳肴,かこう,佳肴に舌鼓を打つ。,佳肴,かこう,X,X
933,音読み,c,推挽,すいばん,全会一致で社長に推挽された。,推挽,すいばん,X,X
934,音読み,c,禾黍,かしょ,禾黍の生長を楽しみにする。,禾黍,かしょ,X,X
935,音読み,c,允許,いんきょ,帰国の允許をいただいた。,允許,いんきょ,X,X
936,音読み,c,稲粟,とうぞく,備蓄しておいた稲粟。,稲粟,とうぞく,X,X
937,音読み,c,曳航,えいこう,引きあげられた船が曳航される。,曳航,えいこう,X,X
938,音読み,c,朔北,さくほく,中国の朔北の地を訪れる。,朔北,さくほく,X,X
939,音読み,c,苧麻,ちょま,苧麻の繊維で布を織り縄を作る。,苧麻,ちょま,X,X
940,音読み,c,禾穎,かえい,一面の禾穎が秋を告げている。,禾穎,かえい,X,X
941,音読み,c,荻花,てきか,荻花の風景に秋を感じる。,荻花,てきか,X,X
942,音読み,c,甥姪,せいてつ,甥姪が集まり祝ってくれた。,甥姪,せいてつ,X,X
943,音読み,c,勾欄,こうらん,橋の勾欄に見事な装飾が施されている。,勾欄,こうらん,X,X
944,音読み,c,鍾愛,しょうあい,路傍で拾った子犬を鍾愛する。,鍾愛,しょうあい,X,X
945,音読み,c,厭離,おんり,穢れた世界を厭離する。,厭離,おんり,X,X
946,音読み,c,蟹行,かいこう,時に蟹行鳥跡に倦みたる眼を移す。,蟹行,かいこう,X,X
947,音読み,c,閏月,じゅんげつ,閏月がある年を調べる。,閏月,じゅんげつ,X,X
948,音読み,c,審訊,しんじん,裁判官が証人に審訊する。,審訊,しんじん,X,X
949,音読み,c,膝行,しっこう,殿の前に膝行して寄る。,膝行,しっこう,X,X
950,音読み,c,叩首,こうしゅ,皇帝の前にして神妙に叩首する。,叩首,こうしゅ,X,X
951,音読み,c,花蕊,かずい,花蕊から柔らかな香りがする。,花蕊,かずい,X,X
952,音読み,c,葱青,そうせい,葱青の草原で春を感じる。,葱青,そうせい,X,X
953,音読み,c,翰墨,かんぼく,立派な翰墨で書画を書く。,翰墨,かんぼく,X,X
954,音読み,c,釜竈,ふそう,山小屋の釜竈を使って飯を炊く。,釜竈,ふそう,X,X
955,音読み,c,鹿茸,ろくじょう,強壮剤として鹿茸を処方する。,鹿茸,ろくじょう,X,X
956,音読み,c,戎馬,じゅうば,戎馬をそろえて戦闘に臨む。,戎馬,じゅうば,X,X
957,音読み,c,菱花,りょうか,陳列された菱花鏡を選別する。,菱花,りょうか,X,X
958,音読み,c,馨逸,けいいつ,檜の名木は馨逸だ。,馨逸,けいいつ,X,X
959,音読み,c,卦兆,かちょう,卦兆で国が動いた時代があった。,卦兆,かちょう,X,X
960,音読み,c,蠣殻,れいかく,出土した蠣殻を分析する。,蠣殻,れいかく,X,X
961,音読み,c,鴻毛,こうもう,この身の鴻毛より軽くなるを欲す。,鴻毛,こうもう,X,X
962,音読み,c,外甥,がいせい,彼は私の外甥だ。,外甥,がいせい,X,X
963,音読み,c,豊稔,ほうじん,豊稔を祈願する祭りが催される。,豊稔,ほうじん,X,X
964,音読み,c,允可,いんか,やっとの思いで允可を得た。,允可,いんか,X,X
965,音読み,c,溢水,いっすい,河川の溢水を食い止める。,溢水,いっすい,X,X
966,音読み,c,播植,はしょく,そろそろ稲を播植する時期だ。,播植,はしょく,X,X
967,音読み,c,鷹揚,おうよう,苦境にある時も鷹揚に構える。,鷹揚,おうよう,X,X
968,音読み,c,揃刈,せんがい,庭師に生垣を揃刈してもらう。,揃刈,せんがい,X,X
969,音読み,c,薬匙,やくし,薬匙は金銀ぞうげなどで製造した。,薬匙,やくし,X,X
970,音読み,c,砧声,ちんせい,家々の砧声に耳を傾ける。,砧声,ちんせい,X,X
971,音読み,c,串殺,せんさつ,人質を残らず串殺する。,串殺,せんさつ,X,X
972,音読み,c,緑埜,りょくや,小高い丘から緑埜を眺める。,緑埜,りょくや,X,X
973,音読み,c,揖拝,ゆうはい,上官に対して揖拝する。,揖拝,ゆうはい,X,X
974,音読み,c,樗材,ちょざい,彼を樗材と決めつけてはならない。,樗材,ちょざい,X,X
975,音読み,c,芋粥,うしゅく,戦時中の飢えは芋粥でしのいだ。,芋粥,うしゅく,X,X
976,音読み,c,堆朱,ついしゅ,美しい堆朱の椀に見とれる。,堆朱,ついしゅ,X,X
977,音読み,c,烏鷺,うろ,烏鷺の争いが繰り広げられる。,烏鷺,うろ,X,X
978,音読み,c,燦然,さんぜん,燦然と輝く宝石を見つめる。,燦然,さんぜん,X,X
979,音読み,c,撞入,とうにゅう,相手チームの陣に撞入する。,撞入,とうにゅう,X,X
980,音読み,c,鉤餌,こうじ,鉤餌も万全で獲物を待つばかりだ。,鉤餌,こうじ,X,X
981,音読み,c,斯界,しかい,彼は斯界の権威だ。,斯界,しかい,X,X
982,音読み,c,臼杵,きゅうしょ,臼杵を使って穀物を砕く。,臼杵,きゅうしょ,X,X
983,音読み,c,深淵,しんえん,心の深淵が知る由もない。,深淵,しんえん,X,X
984,音読み,c,巽位,そんい,巽位とは東南の方角をさす。,巽位,そんい,X,X
985,音読み,c,禿筆,とくひつ,禿筆をなめつつ拙文を書く。,禿筆,とくひつ,X,X
986,音読み,c,葛衣,かつい,与えられた葛衣を身にまとう。,葛衣,かつい,X,X
987,音読み,c,廟宇,びょうう,神社の廟宇に参拝する。,廟宇,びょうう,X,X
988,音読み,c,乞巧,きっこう,乞巧の祭りが行われる。,乞巧,きっこう,X,X
989,音読み,c,跨線橋,こせんきょう,跨線橋から電車を眺める。,跨線橋,こせんきょう,X,X
990,音読み,c,草藁,そうこう,作品の草藁が固まった。,草藁,そうこう,X,X
991,音読み,c,梁上,りょうじょう,梁上から鼠がのぞいている。,梁上,りょうじょう,X,X
992,音読み,c,辛酉,しんゆう,辛酉は天命が改まる年と言われる。,辛酉,しんゆう,X,X
993,音読み,c,歌唄,かばい,歌唄して仏の功徳をたたえる。,歌唄,かばい,X,X
994,音読み,c,侃侃,かんかん,侃侃として反戦の意を訴える。,侃侃,かんかん,X,X
995,音読み,c,叩頭,こうとう,叩頭して師匠に非礼を詫びる。,叩頭,こうとう,X,X
996,音読み,c,没義道,もぎどう,没義道に借金を取り立てる。,没義道,もぎどう,X,X
997,音読み,c,大嘗会,だいじょうえ,大嘗会が厳かに執り行われた。,大嘗会,だいじょうえ,X,X
998,音読み,c,藪沢,そうたく,山中の藪沢で川釣りを楽しむ。,藪沢,そうたく,X,X
999,音読み,c,掩蔽,えんぺい,組織的な不正が掩蔽されている。,掩蔽,えんぺい,X,X
1000,音読み,c,廻向,えこう,墓参して先祖の廻向をする。,廻向,えこう,X,X
1001,音読み,c,繭糸,けんし,上質の繭糸でスカーフを織る。,繭糸,けんし,X,X
1002,音読み,c,刈穫,がいかく,よく実った稲穂を刈穫する。,刈穫,がいかく,X,X
1003,音読み,c,乞骸,きつがい,心を定め乞骸の書をしたためる。,乞骸,きつがい,X,X
1004,音読み,c,画餅,がべい,緻密な計画も画餅に帰した。,画餅,がべい,X,X
1005,音読み,c,鞠問,きくもん,事件の容疑者を捕えて鞠問する。,鞠問,きくもん,X,X
1006,音読み,c,絢飾,けんしょく,絢飾の衣装で式に出席する。,絢飾,けんしょく,X,X
1007,音読み,c,砦柵,さいさく,砦柵を越えて敵が自陣を襲撃した。,砦柵,さいさく,X,X
1008,音読み,c,夜叉,やしゃ,夜叉はインドの鬼神である。,夜叉,やしゃ,X,X
1009,音読み,c,壬寅,じんいん,当年は干支で壬寅にあたる。,壬寅,じんいん,X,X
1010,音読み,c,砧杵,ちんしょ,風凄まじく砧杵悲し。,砧杵,ちんしょ,X,X
1011,音読み,c,婁宿,ろうしゅく,婁宿には、おひつじ座が含まれる。,婁宿,ろうしゅく,X,X
1012,音読み,c,巡錫,じゅんしゃく,高僧が巡錫して民衆を導いた。,巡錫,じゅんしゃく,X,X
1013,音読み,c,鳶肩,えんけん,鳶肩の男たちが神輿を担いだ。,鳶肩,えんけん,X,X
1014,音読み,c,狐狸,こり,狐狸にだまされる夢を見た。,狐狸,こり,X,X
1015,音読み,c,令婿,れいせい,眉目秀麗な令婿であられる。,令婿,れいせい,X,X
1016,音読み,c,鴨脚,おうきゃく,境内に鴨脚の大木が鎮座している。,鴨脚,おうきゃく,X,X
1017,音読み,c,倦厭,けんえん,倦厭の表情を見せないようにする。,倦厭,けんえん,X,X
1018,音読み,c,拭浄,しょくじょう,堂内を丁寧に拭浄する。,拭浄,しょくじょう,X,X
1019,音読み,c,茅茨,ぼうし,茅茨をきらずに放りおく。,茅茨,ぼうし,X,X
1020,音読み,c,舛錯,せんさく,前線の兵が突如として舛錯する。,舛錯,せんさく,X,X
1021,音読み,c,叶和,きょうわ,怨念を捨てて仇敵と叶和する。,叶和,きょうわ,X,X
1022,音読み,c,迺公,だいこう,迺公に歯向かう者は誰一人いない。,迺公,だいこう,X,X
1023,音読み,c,衿契,きんけい,衿契と一晩酒を酌み交わす。,衿契,きんけい,X,X
1024,音読み,c,酋領,しゅうりょう,酋領への贈り物を用意する。,酋領,しゅうりょう,X,X
1025,音読み,c,鄭声,ていせい,異国な鄭声を忌避する。,鄭声,ていせい,X,X
1026,音読み,c,拳固,げんこ,拳固を突き上げ勝利に酔う。,拳固,げんこ,X,X
1027,音読み,c,巽与,そんよ,巽与の言、能く説ぶこと無からんか。,巽与,そんよ,X,X
1028,音読み,c,厭悪,えんお,厭悪の情をあからさまに見せる。,厭悪,えんお,X,X
1029,音読み,c,宥恕,ゆうじょ,社長の宥恕に感謝する。,宥恕,ゆうじょ,X,X
1030,音読み,c,掬飲,きくいん,清らかな湧き水を掬飲する。,掬飲,きくいん,X,X
1031,音読み,c,薙髪,ちはつ,薙髪して仏門に入った。,薙髪,ちはつ,X,X
1032,音読み,c,老杉,ろうさん,境内に立派な老杉が立ち並ぶ。,老杉,ろうさん,X,X
1033,音読み,c,哀咽,あいえつ,遺体にすがって哀咽する。,哀咽,あいえつ,X,X
1034,音読み,c,或問,わくもん,或問形式で書かれた入門書だ。,或問,わくもん,X,X
1035,音読み,c,俊彦,しゅんげん,当世の俊彦なりと評価する。,俊彦,しゅんげん,X,X
1036,音読み,c,聯亙,れんこう,村の周囲に山々が聯亙する。,聯亙,れんこう,X,X
1037,音読み,c,遁辞,とんじ,遁辞を弄しても無駄だ。,遁辞,とんじ,X,X
1038,音読み,c,山砦,さんさい,山砦に立て籠って戦った。,山砦,さんさい,X,X
1039,音読み,c,献芹,けんきん,献芹の誠を尽くす。,献芹,けんきん,X,X
1040,音読み,c,茸茸,じょうじょう,夏草が茸茸としている。,茸茸,じょうじょう,X,X
1041,音読み,c,碓声,たいせい,石臼の碓声が響き渡る。,碓声,たいせい,X,X
1042,音読み,c,鼎談,ていだん,学者が誌上で鼎談する。,鼎談,ていだん,X,X
1043,音読み,c,玩弄,がんろう,人々が時代に玩弄される。,玩弄,がんろう,X,X
1044,音読み,c,繭紬,けんちゅう,繭紬の紋付を着る。,繭紬,けんちゅう,X,X
1045,音読み,c,病竃,びょうそう,病竃を摘出する。,病竃,びょうそう,X,X
1046,音読み,c,輿望,よぼう,国民の輿望を担う。,輿望,よぼう,X,X
1047,音読み,c,諫止,かんし,独断を諫止する。,諫止,かんし,X,X
1048,音読み,c,垂簾,すいれん,垂簾の政を行う。,垂簾,すいれん,X,X
1049,音読み,c,綾子,りんず,綾子の被布を羽織る。,綾子,りんず,X,X
1050,音読み,c,肇国,ちょうこく,肇国の祖を祭る。,肇国,ちょうこく,X,X
1051,音読み,c,相好,そうごう,相好を崩す。,相好,そうごう,X,X
1052,音読み,c,輯睦,しゅうぼく,隣国同士が輯睦する。,輯睦,しゅうぼく,X,X
1053,音読み,c,舛誤,せんご,舛誤が見当たらない。,舛誤,せんご,X,X
1054,音読み,c,紬紡糸,ちゅうぼうし,紬紡糸で織り上げる。,紬紡糸,ちゅうぼうし,X,X
1055,音読み,c,妾宅,しょうたく,妾宅を構える。,妾宅,しょうたく,X,X
1056,音読み,c,柴荊,さいけい,柴荊で隠遁する。,柴荊,さいけい,X,X
1057,音読み,c,芙蓉,ふよう,芙蓉の顔、柳の眉。,芙蓉,ふよう,X,X
1058,音読み,c,杢怪,もっけ,杢怪の幸い。,杢怪,もっけ,X,X
1059,音読み,c,醇乎,じゅんこ,醇乎たる精神を保つ。,醇乎,じゅんこ,X,X
1060,音読み,c,埴生,はにゅう,埴生の宿に泊まる。,埴生,はにゅう,X,X
1061,音読み,c,木犀,もくせい,木犀の花が匂う。,木犀,もくせい,X,X
1062,音読み,c,丙寅,へいいん,今年の干支は丙寅だ。,丙寅,へいいん,X,X
1063,音読み,c,巌栖,がんせい,世を捨て巌栖する。,巌栖,がんせい,X,X
1064,音読み,c,腫物,しゅもつ,腫物に触る様に扱う。,腫物,しゅもつ,X,X
1065,音読み,c,砕屑,さいせつ,砕屑が散乱している。,砕屑,さいせつ,X,X
1066,音読み,c,塵垢,じんこう,塵垢にまみれる。,塵垢,じんこう,X,X
1067,音読み,c,劃然,かくぜん,双方は劃然と異なる。,劃然,かくぜん,X,X
1068,音読み,c,蛙声,あせい,蛙声が騒がしい。,蛙声,あせい,X,X
1069,音読み,c,雛妓,すうぎ,雛妓に芸を仕込む。,雛妓,すうぎ,X,X
1070,音読み,c,斯道,しどう,斯道の大家となる。,斯道,しどう,X,X
1071,音読み,c,寒垢離,かんごり,寒垢離を取る。,寒垢離,かんごり,X,X
1072,音読み,c,丁卯,ていぼう,次の丁卯で還暦だ。,丁卯,ていぼう,X,X
1073,音読み,c,宏図,こうと,宏図を実行に移す。,宏図,こうと,X,X
1074,音読み,c,周匝,しゅうそう,湖畔を周匝する。,周匝,しゅうそう,X,X
1075,音読み,c,瓶酒,へいしゅ,瓶酒を岳父に贈る。,瓶酒,へいしゅ,X,X
1076,音読み,c,迅瀬,じんらい,迅瀬を小舟で下る。,迅瀬,じんらい,X,X
1077,音読み,c,戎器,じゅうき,十分な戎器を備える。,戎器,じゅうき,X,X
1078,音読み,c,紫檀,したん,紫檀の家具を設える。,紫檀,したん,X,X
1079,音読み,c,腕釧,わんせん,仏像に腕釧を飾る。,腕釧,わんせん,X,X
1080,音読み,c,賑救,しんきゅう,篤志家が賑救する。,賑救,しんきゅう,X,X
1081,音読み,c,唾壺,だこ,唾壺に唾を吐く。,唾壺,だこ,X,X
1082,音読み,c,哀憐,あいれん,哀憐の情が湧く。,哀憐,あいれん,X,X
1083,音読み,c,筆絢,ひっけん,筆絢に親しむ。,筆絢,ひっけん,X,X
1084,音読み,c,亨通,こうつう,万事亨通する。,亨通,こうつう,X,X
1085,音読み,c,柴門,さいもん,柴門を閉める。,柴門,さいもん,X,X
1086,音読み,c,瓶子,へいじ,瓶子で酒を杯に注ぐ。,瓶子,へいじ,X,X
1087,音読み,c,丞相,じょうしょう,丞相に任命される。,丞相,じょうしょう,X,X
1088,音読み,c,寧馨児,ねいけいじ,寧馨児ともてはやす。,寧馨児,ねいけいじ,X,X
1089,音読み,c,神鹿,しんろく,境内で神鹿を飼う。,神鹿,しんろく,X,X
1090,音読み,c,鶴首,かくしゅ,到着を鶴首して待つ。,鶴首,かくしゅ,X,X
1091,音読み,c,鉄杵,てっしょ,鉄杵を磨く。,鉄杵,てっしょ,X,X
1092,音読み,c,潟湖,せきこ,潟湖を干拓する。,潟湖,せきこ,X,X
1093,音読み,c,端坐,たんざ,端坐して黙想する。,端坐,たんざ,X,X
1094,音読み,c,翠雨,すいう,翠雨が降り注ぐ。,翠雨,すいう,X,X
1095,音読み,c,諸彦,しょげん,諸彦に告ぐ。,諸彦,しょげん,X,X
1096,音読み,c,簸却,はきゃく,旧套を簸却する。,簸却,はきゃく,X,X
1097,音読み,c,鷹準,ようじゅん,鷹準が大空に舞う。,鷹準,ようじゅん,X,X
1098,音読み,c,老妓,ろうぎ,老妓の円熟した芸だ。,老妓,ろうぎ,X,X
1099,音読み,c,嘉猷,かゆう,嘉猷を進言する。,嘉猷,かゆう,X,X
1100,音読み,c,瀦滞,ちょたい,一時的に瀦滞する。,瀦滞,ちょたい,X,X
1101,音読み,c,寂滅,じゃくめつ,老僧が寂滅する。,寂滅,じゃくめつ,X,X
1102,音読み,c,柏槙,びゃくしん,柏槙が林立する。,柏槙,びゃくしん,X,X
1103,音読み,c,怯夫,きょうふ,怯夫のらく印を押す。,怯夫,きょうふ,X,X
1104,音読み,c,皇儲,こうちょ,皇儲が外遊する。,皇儲,こうちょ,X,X
1105,音読み,c,熟柿,じゅくし,熟柿を天日に干す。,熟柿,じゅくし,X,X
1106,音読み,c,宛然,えんぜん,宛然偉人の如しだ。,宛然,えんぜん,X,X
1107,音読み,c,按排,あんばい,配膳の順を按排する。,按排,あんばい,X,X
1108,音読み,c,蕃殖,はんしょく,猫が蕃殖する。,蕃殖,はんしょく,X,X
1109,音読み,c,樵蘇,しょうそ,樵蘇を生業とする。,樵蘇,しょうそ,X,X
1110,音読み,c,大姦,たいかん,大姦は忠に似たり。,大姦,たいかん,X,X
1111,音読み,c,月卿,げっけい,月卿が参内する。,月卿,げっけい,X,X
1112,音読み,c,堰塞,えんそく,河水を堰塞する。,堰塞,えんそく,X,X
1113,音読み,c,双頬,そうきょう,双頬に涼風を感じる。,双頬,そうきょう,X,X
1114,音読み,c,貝母,ばいも,貝母を薬に用いる。,貝母,ばいも,X,X
1115,音読み,c,摯実,しじつ,摯実な態度で接する。,摯実,しじつ,X,X
1116,音読み,c,緩頬,かんきょう,緩頬を煩わす。,緩頬,かんきょう,X,X
1117,音読み,c,幽栖,ゆうせい,職を退き幽栖する。,幽栖,ゆうせい,X,X
1118,音読み,c,杢体,もったい,杢体を付ける。,杢体,もったい,X,X
1119,音読み,c,己未,きび,己未の年に卒業する。,己未,きび,X,X
1120,音読み,c,圃畦,ほけい,圃畦が乾燥する。,圃畦,ほけい,X,X
1121,音読み,c,穎異,えいい,幼少より穎異な子だ。,穎異,えいい,X,X
1122,音読み,c,栗栗,りつりつ,寒冬に栗栗とする。,栗栗,りつりつ,X,X
1123,音読み,c,敏慧,びんけい,敏慧な頭脳をもつ。,敏慧,びんけい,X,X
1124,音読み,c,弥漫,びまん,鬱気が弥漫する。,弥漫,びまん,X,X
1125,音読み,c,請来,しょうらい,経典を請来する。,請来,しょうらい,X,X
1126,音読み,c,階梯,かいてい,階梯をかけ上がる。,階梯,かいてい,X,X
1127,音読み,c,有卦,うけ,有卦に入る。,有卦,うけ,X,X
1128,音読み,c,閏統,じゅんとう,閏統が王位を襲ぐ。,閏統,じゅんとう,X,X
1129,音読み,c,帥先,そっせん,帥先して実践する。,帥先,そっせん,X,X
1130,音読み,c,寵辱,ちょうじょく,寵辱を繰り返す。,寵辱,ちょうじょく,X,X
1131,音読み,c,一粟,いちぞく,そう海の一粟。,一粟,いちぞく,X,X
1132,音読み,c,綜合,そうごう,皆の提案を綜合する。,綜合,そうごう,X,X
1133,音読み,c,捧読,ほうどく,勅語を捧読する。,捧読,ほうどく,X,X
1134,音読み,c,舞妓,ぶぎ,酒席に舞妓を呼ぶ。,舞妓,ぶぎ,X,X
1135,音読み,c,叔姪,しゅくてつ,叔姪婚を禁じる。,叔姪,しゅくてつ,X,X
1136,音読み,c,冥加,みょうが,冥加に尽きる。,冥加,みょうが,X,X
1137,音読み,c,砥礪,しれい,公徳を砥礪する。,砥礪,しれい,X,X
1138,音読み,c,汎称,はんしょう,複数の地を汎称する。,汎称,はんしょう,X,X
1139,音読み,c,弄瓦,ろうが,娘の弄瓦を祝す。,弄瓦,ろうが,X,X
1140,音読み,c,舟筏,しゅうばつ,舟筏で対岸に渡る。,舟筏,しゅうばつ,X,X
1141,音読み,c,茅舎,ぼうしゃ,宿場町に茅舎が並ぶ。,茅舎,ぼうしゃ,X,X
1142,音読み,c,畦畔,けいはん,田に畦畔を作る。,畦畔,けいはん,X,X
1143,音読み,c,卦体,けたい,卦体が悪い。,卦体,けたい,X,X
1144,音読み,c,枇杷,びわ,枇杷の実を収穫する。,枇杷,びわ,X,X
1145,音読み,c,長袖,ちょうしゅう,長袖の上着を着る。,長袖,ちょうしゅう,X,X
1146,音読み,c,檮昧,とうまい,檮昧を以て至福とす。,檮昧,とうまい,X,X
1147,音読み,c,兵戟,へいげき,多くの兵戟を蓄える。,兵戟,へいげき,X,X
1148,音読み,c,伎楽,ぎがく,伎楽を上演する。,伎楽,ぎがく,X,X
1149,音読み,c,要津,ようしん,昔から要津とされる。,要津,ようしん,X,X
1150,音読み,c,竹箆,ちくへい,竹箆を打つ。,竹箆,ちくへい,X,X
1151,音読み,c,播種,はしゅ,播種期を迎える。,播種,はしゅ,X,X
1152,音読み,c,芸妓,げいぎ,芸妓が舞を披露する。,芸妓,げいぎ,X,X
1153,音読み,c,撞木,しゅもく,鐘も撞木の当たり柄。,撞木,しゅもく,X,X
1154,音読み,c,頭陀,ずだ,僧侶が頭陀行する。,頭陀,ずだ,X,X
1155,音読み,c,而立,じりつ,而立を迎え起業する。,而立,じりつ,X,X
1156,音読み,c,貰赦,せいしゃ,罪を貰赦する。,貰赦,せいしゃ,X,X
1157,音読み,c,匝囲,そうい,城を堀で匝囲する。,匝囲,そうい,X,X
1158,音読み,c,竃煙,そうえん,竃煙が立ち上がる。,竃煙,そうえん,X,X
1159,音読み,c,漏壺,ろうこ,漏壺が時を知らせる。,漏壺,ろうこ,X,X
1160,音読み,c,竪立,じゅりつ,自ら竪立する。,竪立,じゅりつ,X,X
1161,音読み,c,甑中,そうちゅう,甑中に塵を生ず。,甑中,そうちゅう,X,X
1162,訓読み,c,殆,ほとほと,近所のうわさ話に殆困っている。,殆,ほとほと,X,X
1163,訓読み,c,柵,しがらみ,会社の柵を断ち切りたい。,柵,しがらみ,X,X
1164,訓読み,c,椙,すぎ,その山には椙が林立している。,椙,すぎ,X,X
1165,訓読み,c,嘉する,よみする,すばらしい贈り物を嘉する。,嘉,よみ,X,する
1166,訓読み,c,屡,しばしば,帰宅途中で屡訪れる店だ。,屡,しばしば,X,X
1167,訓読み,c,忽せ,ゆるがせ,そんな些細なことも忽せにしない。,忽,ゆるが,X,せ
1168,訓読み,c,詑く,あざむく,人を詑くことなく生きていたい。,詑,あざむ,X,く
1169,訓読み,c,誹る,そしる,知人に誹られ気がふさぐ。,誹,そし,X,る
1170,訓読み,c,葎,むぐら,葎は広い範囲に亘って密生する。,葎,むぐら,X,X
1171,訓読み,c,粥ぐ,ひさぐ,生活のため玩具などを粥ぐ。,粥,ひさ,X,ぐ
1172,訓読み,c,鵜,う,鵜の目鷹の目で狙っている。,鵜,う,X,X
1173,訓読み,c,阿る,おもねる,この論説は時流に阿っている。,阿,おもね,X,る
1174,訓読み,c,苛い,からい,作品が苛い評価をされる。,苛,から,X,い
1175,訓読み,c,歪む,ひずむ,その決定は大きな歪みを生んだ。,歪,ひず,X,む
1176,訓読み,c,笈,おい,笈を背負って行脚に出かけた。,笈,おい,X,X
1177,訓読み,c,宛ら,さながら,そのシーンは宛ら映画のようだ。,宛,さなが,X,ら
1178,訓読み,c,姑く,しばらく,二人の問題は姑く置いておく。,姑,しばら,X,く
1179,訓読み,c,鐙,あぶみ,鐙を蹴って馬に合図を送る。,鐙,あぶみ,X,X
1180,訓読み,c,坐ら,いながら,海外に坐らにして日本の事件を知る。,坐,いなが,X,ら
1181,訓読み,c,賂う,まいなう,賂いの品と知り受け取りを拒否する。,賂,まいな,X,う
1182,訓読み,c,轍,わだち,雪の上に轍が続いている。,轍,わだち,X,X
1183,訓読み,c,砧,きぬた,歌舞伎の立ち回りで砧拍子が響く。,砧,きぬた,X,X
1184,訓読み,c,艶姿,あですがた,着物の女性の艶姿に見とれる。,艶姿,あですがた,X,X
1185,訓読み,c,媒,なかだち,私たちの媒は会社の部長です。,媒,なかだち,X,X
1186,訓読み,c,櫛る,くしけずる,幼子の柔らかい髪を櫛る。,櫛,くしけず,X,る
1187,訓読み,c,硲,はざま,山と山の硲をひたすら進む。,硲,はざま,X,X
1188,訓読み,c,哨,みはり,哨を門に立たせて警備を強化する。,哨,みはり,X,X
1189,訓読み,c,舷,ふなばた,舷をつかんで揺れに耐えた。,舷,ふなばた,X,X
1190,訓読み,c,恕す,ゆるす,歳を重ね何事も恕せるようになった。,恕,ゆる,X,す
1191,訓読み,c,瓢,ふくべ,瓢に酒を入れて小山を散策する。,瓢,ふくべ,X,X
1192,訓読み,c,沓,くつ,昔は、藁で作った沓を履いていた。,沓,くつ,X,X
1193,訓読み,c,魁,さきがけ,わが社はネット産業の魁といわれる。,魁,さきがけ,X,X
1194,訓読み,c,鑓,やり,昔の戦争には鑓が使われた。,鑓,やり,X,X
1195,訓読み,c,悉,つぶさ,会議の内容を悉に記録する。,悉,つぶさ,X,X
1196,訓読み,c,岨道,そばみち,細い岨道を通って山を越える。,岨道,そばみち,X,X
1197,訓読み,c,尤める,とがめる,他人の欠点をあからさまに尤める。,尤,とが,X,める
1198,訓読み,c,灸,やいと,灸の治療を施して腰痛を和らげる。,灸,やいと,X,X
1199,訓読み,c,奈,いかん,現在の技術では奈ともしがたい。,奈,いかん,X,X
1200,訓読み,c,郁しい,かぐわしい,郁しい花の香りを胸いっぱい吸い込む。,郁,かぐわ,X,しい
1201,訓読み,c,廓,くるわ,その昔、この辺りは廓だった。,廓,くるわ,X,X
1202,訓読み,c,疋,ぴき,一疋の絹布で羽織をあつらえる。,疋,ぴき,X,X
1203,訓読み,c,樵,きこり,樵として山の中で生活する。,樵,きこり,X,X
1204,訓読み,c,椴松,とどまつ,椴松の製材を床板に用いる。,椴松,とどまつ,X,X
1205,訓読み,c,遜る,へりくだる,遜った態度に好感をおぼえる。,遜,へりくだ,X,る
1206,訓読み,c,堆い,うずたかい,堆く積み上げられた本の山に驚く。,堆,うずたか,X,い
1207,訓読み,c,栂,とが,家の建築に栂の木を使う。,栂,とが,X,X
1208,訓読み,c,韓紅,からくれない,落ち葉が川面を韓紅に染める。,韓紅,からくれない,X,X
1209,訓読み,c,鉦,かね,鉦や太鼓を叩いて収穫を祝う。,鉦,かね,X,X
1210,訓読み,c,岨つ,そばだつ,岩山が壁のように岨っている。,岨,そばだ,X,つ
1211,訓読み,c,雪ぐ,すすぐ,勝って汚名を雪ぐ。,雪,すす,X,ぐ
1212,訓読み,c,野蒜,のびる,野蒜は味噌で食べるのが一番だ。,野蒜,のびる,X,X
1213,訓読み,c,裳裾,もすそ,着物の裳裾をからげる。,裳裾,もすそ,X,X
1214,訓読み,c,弥,いや,先取点に弥が上にも興奮する。,弥,いや,X,X
1215,訓読み,c,壕,ほり,戦争中の壕の跡を埋める。,壕,ほり,X,X
1216,訓読み,c,諒,まこと,諒に申し訳ない。,諒,まこと,X,X
1217,訓読み,c,夷顔,えびすがお,遠来の客を夷顔で饗応した。,夷顔,えびすがお,X,X
1218,訓読み,c,文る,かざる,過ちを文る。,文,かざ,X,る
1219,訓読み,c,度,めもり,物差しの度を読んで記録する。,度,めもり,X,X
1220,訓読み,c,稿,したがき,稿を清書する。,稿,したがき,X,X
1221,訓読み,c,奴凧,やっこだこ,冬の晴れた空に奴凧を高く揚げる。,奴凧,やっこだこ,X,X
1222,訓読み,c,艮,うしとら,丑と寅との中間の方角を艮という。,艮,うしとら,X,X
1223,訓読み,c,摺る,する,造幣局では紙幣を摺っている。,摺,す,X,る
1224,訓読み,c,蕗,ふき,蕗の葉を傘代わりにする。,蕗,ふき,X,X
1225,訓読み,c,檜扇,ひおうぎ,貴婦人が礼装時に檜扇を持つ。,檜扇,ひおうぎ,X,X
1226,訓読み,c,灼,あらたか,霊験灼な神社にお参りする。,灼,あらたか,X,X
1227,訓読み,c,約やか,つづまやか,両親の生活は約やかなものだった。,約,つづま,X,やか
1228,訓読み,c,蕊,しべ,蕊は花の生殖器官だ。,蕊,しべ,X,X
1229,訓読み,c,早蕨,さわらび,源氏物語の四十八巻は早蕨だ。,早蕨,さわらび,X,X
1230,訓読み,c,之く,ゆく,孟浩然の広陵に之くを送る。,之,ゆ,X,く
1231,訓読み,c,塘,つつみ,総力を挙げて塘を築く。,塘,つつみ,X,X
1232,訓読み,c,箆,へら,箆でご飯を盛る。,箆,へら,X,X
1233,訓読み,c,堰く,せく,勢いよく流れる水を堰きとめる。,堰,せ,X,く
1234,訓読み,c,鴫,しぎ,鴫の飛び立つ姿を目にする。,鴫,しぎ,X,X
1235,訓読み,c,澱,おり,水底に澱がたまっている。,澱,おり,X,X
1236,訓読み,c,戚える,うれえる,親友の死を戚える。,戚,うれ,X,える
1237,訓読み,c,凋む,しぼむ,水をやり忘れて花が凋んだ。,凋,しぼ,X,む
1238,訓読み,c,倦む,うむ,鍛錬を倦むことなく続けた。,倦,う,X,む
1239,訓読み,c,夙い,はやい,夙くから趣味の釣りに出かける。,夙,はや,X,い
1240,訓読み,c,椛,もみじ,椛の美しい庭園を歩く。,椛,もみじ,X,X
1241,訓読み,c,鼎,かなえ,鼎を使って食物を煮る。,鼎,かなえ,X,X
1242,訓読み,c,僻言,ひがごと,僻言は聞きづらい。,僻言,ひがごと,X,X
1243,訓読み,c,鋒,ほこ,状勢が変わり攻撃の鋒を収める。,鋒,ほこ,X,X
1244,訓読み,c,淫る,ふける,アルコールに淫る生活が続いた。,淫,ふけ,X,る
1245,訓読み,c,夙,つと,その人のことは夙に知っていた。,夙,つと,X,X
1246,訓読み,c,蔀,しとみ,上様には蔀ごしに拝謁した。,蔀,しとみ,X,X
1247,訓読み,c,矧ぐ,はぐ,戦に備えて矢を矧ぐ。,矧,は,X,ぐ
1248,訓読み,c,掬ぶ,むすぶ,清水を手に掬んで飲む。,掬,むす,X,ぶ
1249,訓読み,c,咽ぶ,むせぶ,奥の部屋から咽び泣く声が聞こえる。,咽,むせ,X,ぶ
1250,訓読み,c,饗す,もてなす,宿ではすばらしい饗しを受けた。,饗,もてな,X,す
1251,訓読み,c,甑,こしき,昔は甑を使って米を蒸した。,甑,こしき,X,X
1252,訓読み,c,禿びる,ちびる,禿びた鉛筆でメモをとる。,禿,ち,X,びる
1253,訓読み,c,慧い,さとい,彼は利に慧いといわれる。,慧,さと,X,い
1254,訓読み,c,弄れる,たわむれる,男女の弄れの声が聞こえてくる。,弄,たわむ,X,れる
1255,訓読み,c,套ねる,かさねる,セーターの上にコートを套ねる。,套,かさ,X,ねる
1256,訓読み,c,遁れる,のがれる,遁れるように田舎に引きこもる。,遁,のが,X,れる
1257,訓読み,c,聡い,さとい,彼女はとても聡く賢い。,聡,さと,X,い
1258,訓読み,c,啄む,ついばむ,鳩がパンくずを啄んでいる。,啄,ついば,X,む
1259,訓読み,c,萌む,めぐむ,新時代の萌みを感じる。,萌,めぐ,X,む
1260,訓読み,c,撚る,よる,糸を撚って丈夫な紐を作る。,撚,よ,X,る
1261,訓読み,c,纏る,まつる,ほつれた裾を纏ってもらう。,纏,まつ,X,る
1262,訓読み,c,蒙い,くらい,理に蒙い人々を教え導く。,蒙,くら,X,い
1263,訓読み,c,頃く,しばらく,完成まで頃く時間を要する。,頃,しばら,X,く
1264,訓読み,c,惟う,おもう,惟うにこれは当然の結果だった。,惟,おも,X,う
1265,訓読み,c,恰も,あたかも,恰も実話のような話しぶりだった。,恰,あたか,X,も
1266,訓読み,c,堰,せき,堰を切ったように話し始めた。,堰,せき,X,X
1267,訓読み,c,淘げる,よなげる,河畔で集めた砂金を淘げる。,淘,よな,X,げる
1268,訓読み,c,鴫焼き,しぎやき,秋茄子を鴫焼きにして食べる。,鴫焼,しぎや,X,き
1269,訓読み,c,謂,いい,その意見は勝者の謂だ。,謂,いい,X,X
1270,訓読み,c,凱,かちどき,味方の勝利に凱をあげる。,凱,かちどき,X,X
1271,訓読み,c,菰,こも,松の幹に菰を巻きつける。,菰,こも,X,X
1272,訓読み,c,苑,その,私の自慢の薔薇の苑をご覧ください。,苑,その,X,X
1273,訓読み,c,寓ける,かこつける,お祝いに寓けて家を訪問する。,寓,かこつ,X,ける
1274,訓読み,c,蔓る,はびこる,荒れはてた建物に蔦が蔓る。,蔓,はびこ,X,る
1275,訓読み,c,笥子,けこ,笥子に炊いたばかりの飯を盛る。,笥子,けこ,X,X
1276,訓読み,c,饗,あえ,収穫の時期に饗の祭りが行われる。,饗,あえ,X,X
1277,訓読み,c,杢,もく,父は腕利きの杢として評判だ。,杢,もく,X,X
1278,訓読み,c,謬る,あやまる,大きな謬りを正す。,謬,あやま,X,る
1279,訓読み,c,蓋し,けだし,蓋し芸術の評価は難しい。,蓋,けだ,X,し
1280,訓読み,c,蕩かす,とろかす,人を蕩かすような台詞をはく。,蕩,とろ,X,かす
1281,訓読み,c,按べる,しらべる,地方官の行政などを按べる。,按,しら,X,べる
1282,訓読み,c,袷,あわせ,母から譲られた袷に袖を通す。,袷,あわせ,X,X
1283,訓読み,c,箕,み,竹の皮を編んで箕を作る。,箕,み,X,X
1284,訓読み,c,苧環,おだまき,紡いだ麻糸を巻いて苧環を作る。,苧環,おだまき,X,X
1285,訓読み,c,邑,むら,その邑は直轄地だった。,邑,むら,X,X
1286,訓読み,c,襖,ふすま,過って襖を破いてしまった。,襖,ふすま,X,X
1287,訓読み,c,迺ち,すなわち,迺ち復変じて一と為る。,迺,すなわ,X,ち
1288,訓読み,c,瀞,とろ,川の瀞でいかだ遊びを楽しむ。,瀞,とろ,X,X
1289,訓読み,c,沓石,くついし,沓石の上に柱を立てる。,沓石,くついし,X,X
1290,訓読み,c,真菰,まこも,田んぼの水路に真菰が自生する。,真菰,まこも,X,X
1291,訓読み,c,湊まる,あつまる,支流が盆地に湊まる。,湊,あつ,X,まる
1292,訓読み,c,須つ,まつ,学思行相須つ。,須,ま,X,つ
1293,訓読み,c,納れる,いれる,縁先で涼を納れる。,納,い,X,れる
1294,訓読み,c,仮令,たとい,仮令高くても買う。,仮令,たとい,X,X
1295,訓読み,c,蝦蔓,えびづる,蝦蔓の実が完熟する。,蝦蔓,えびづる,X,X
1296,訓読み,c,箆太い,のぶとい,箆太い声が響く。,箆太,のぶと,X,い
1297,訓読み,c,態,わざ,態と見ぬふりをした。,態,わざ,X,X
1298,訓読み,c,瑞垣,みずがき,瑞垣を巡らす。,瑞垣,みずがき,X,X
1299,訓読み,c,利鎌,とがま,利鎌を振り下ろす。,利鎌,とがま,X,X
1300,訓読み,c,沫雪,あわゆき,沫雪が深々と降る。,沫雪,あわゆき,X,X
1301,訓読み,c,緊める,しめる,気を緊めて着手する。,緊,し,X,める
1302,訓読み,c,糠,ぬか,野菜を糠に漬ける。,糠,ぬか,X,X
1303,訓読み,c,裳着,もぎ,裳着の式を行う。,裳着,もぎ,X,X
1304,訓読み,c,漑ぐ,そそぐ,乾いた畑に水を漑ぐ。,漑,そそ,X,ぐ
1305,訓読み,c,懐く,いだく,相手に不信感を懐く。,懐,いだ,X,く
1306,訓読み,c,摸る,さぐる,暗闇の中で摸る。,摸,さぐ,X,る
1307,訓読み,c,椋鳥,むくどり,椋鳥が群がっている。,椋鳥,むくどり,X,X
1308,訓読み,c,立蔀,たてじとみ,部屋に立蔀を立てる。,立蔀,たてじとみ,X,X
1309,訓読み,c,一廉,ひとかど,一廉の人物だ。,一廉,ひとかど,X,X
1310,訓読み,c,徒疎か,あだおろそか,徒疎かにはできない。,徒疎,あだおろそ,X,か
1311,訓読み,c,四阿,あずまや,四阿で一服する。,四阿,あずまや,X,X
1312,訓読み,c,窟,いわや,窟に獣が棲む。,窟,いわや,X,X
1313,訓読み,c,伐る,きる,枯れた老木を伐る。,伐,き,X,る
1314,訓読み,c,琢く,みがく,職人技を琢く。,琢,みが,X,く
1315,訓読み,c,倶に,ともに,母と倶に買い物する。,倶,とも,X,に
1316,訓読み,c,猷る,はかる,仇敵の暗殺を猷る。,猷,はか,X,る
1317,訓読み,c,吹螺,ほらがい,山中で吹螺を吹く。,吹螺,ほらがい,X,X
1318,訓読み,c,黒橿,くろがし,神社に黒橿が並ぶ。,黒橿,くろがし,X,X
1319,訓読み,c,羅,うすぎぬ,羅を身に纏う。,羅,うすぎぬ,X,X
1320,訓読み,c,大凡,おおよそ,大凡の見当は付く。,大凡,おおよそ,X,X
1321,訓読み,c,弥栄,いやさか,宗家の弥栄を祈る。,弥栄,いやさか,X,X
1322,訓読み,c,苧殻,おがら,苧殻を焚く。,苧殻,おがら,X,X
1323,訓読み,c,丙午,ひのえうま,丙午に大火が起こる。,丙午,ひのえうま,X,X
1324,訓読み,c,御簾,みす,御簾を巻き上げる。,御簾,みす,X,X
1325,訓読み,c,衿,えり,コートの衿を立てる。,衿,えり,X,X
1326,訓読み,c,朽れる,すたれる,商いが朽れる。,朽,すた,X,れる
1327,訓読み,c,鯉濃,こいこく,鯉濃を馳走する。,鯉濃,こいこく,X,X
1328,訓読み,c,気忙しい,きぜわしい,気忙しい年の暮れだ。,気忙,きぜわ,X,しい
1329,訓読み,c,己亥,つちのとい,己亥の年を迎える。,己亥,つちのとい,X,X
1330,訓読み,c,鋸屑,のこくず,鋸屑を燃料に用いる。,鋸屑,のこくず,X,X
1331,訓読み,c,朔,ついたち,朔に市が立つ。,朔,ついたち,X,X
1332,訓読み,c,野点,のだて,桜の下で野点する。,野点,のだて,X,X
1333,訓読み,c,厨,くりや,厨で食事を用意する。,厨,くりや,X,X
1334,訓読み,c,二梱,ふたこり,綿糸を二梱仕入れる。,二梱,ふたこり,X,X
1335,訓読み,c,畷,なわて,畷をひたすら歩く。,畷,なわて,X,X
1336,訓読み,c,長柄,ながえ,長柄の柄杓で掬う。,長柄,ながえ,X,X
1337,訓読み,c,錘,おもり,釣り糸に錘を付ける。,錘,おもり,X,X
1338,訓読み,c,燥ぐ,はしゃぐ,子供のように燥ぐ。,燥,はしゃ,X,ぐ
1339,訓読み,c,姥目樫,うばめがし,姥目樫の実を拾う。,姥目樫,うばめがし,X,X
1340,訓読み,c,虎斑,とらふ,虎斑の猫が横切る。,虎斑,とらふ,X,X
1341,訓読み,c,柾,まさき,柾の生け垣で囲む。,柾,まさき,X,X
1342,訓読み,c,逼る,せまる,敵軍が背後から逼る。,逼,せま,X,る
1343,訓読み,c,姥,うば,尉と姥の置物を買う。,姥,うば,X,X
1344,表外読み,c,憾む,うらむ,事業の失敗を憾む。,憾,うら,X,む
1345,表外読み,c,論う,あげつらう,過去をあれこれ論う。,論,あげつら,X,う
1346,表外読み,c,託ける,かこつける,お祭りに託けて大騒ぎする。,託,かこつ,X,ける
1347,表外読み,c,約める,つづめる,約めて言えば、これが結論です。,約,つづ,X,める
1348,表外読み,c,詰る,なじる,裏切り行為を知って激しく詰った。,詰,なじ,X,る
1349,表外読み,c,擬える,なぞらえる,物語の主人公に擬える。,擬,なぞら,X,える
1350,表外読み,c,屯,たむろ,行き場を失って屯する。,屯,たむろ,X,X
1351,表外読み,c,殉う,したがう,生死の掟に殉う。,殉,したが,X,う
1352,表外読み,c,惨む,いたむ,戦禍の悲惨さに心が惨む。,惨,いた,X,む
1353,表外読み,c,台,うてな,蓮の台の半座を分かつ。,台,うてな,X,X
1354,表外読み,c,尉,じょう,シテとして尉を担う。,尉,じょう,X,X
1355,表外読み,c,括れる,くびれる,瓶の括れた部分を持つ。,括,くび,X,れる
1356,表外読み,c,閲する,けみする,膨大な資料を閲する。,閲,けみ,X,する
1357,表外読み,c,垂,なんなん,工場設立から五十年に垂とする。,垂,なんなん,X,X
1358,表外読み,c,因に,ちなみに,因に僕と彼女は兄妹です。,因,ちなみ,X,に
1359,表外読み,c,緒,いとぐち,和解の緒が見つからない。,緒,いとぐち,X,X
1360,表外読み,c,転た,うたた,転た慚愧の念に堪えない。,転,うた,X,た
1361,表外読み,c,寡,やもめ,寡暮らしの父を気にかける。,寡,やもめ,X,X
1362,表外読み,c,墾く,ひらく,祖父の時代に墾いた土地。,墾,ひら,X,く
1363,表外読み,c,拐す,かどわかす,幼い子を拐すとは許せない。,拐,かどわか,X,す
1364,表外読み,c,清か,さやか,星が庭を清かに照らす。,清,さや,X,か
1365,表外読み,c,都て,すべて,都てここに書いてある通りです。,都,すべ,X,て
1366,表外読み,c,法る,のっとる,伝統に法って進められた。,法,のっと,X,る
1367,表外読み,c,団い,まるい,団くなって花見を楽しんだ。,団,まる,X,い
1368,表外読み,c,適,たまたま,適入った喫茶店で旧友に会った。,適,たまたま,X,X
1369,表外読み,c,準える,なぞらえる,会社組織を人体に準える。,準,なぞら,X,える
1370,表外読み,c,諾う,うべなう,先方の提案を諾う。,諾,うべな,X,う
1371,表外読み,c,罷る,まかる,罷り間違えば大事故だ。,罷,まか,X,る
1372,表外読み,c,辱い,かたじけない,辱いお言葉感謝いたします。,辱,かたじけな,X,い
1373,表外読み,c,潤びる,ほとびる,冷たい水で喉を潤びらせる。,潤,ほと,X,びる
1374,表外読み,c,嚇す,おどす,相手をにらみ据えて嚇した。,嚇,おど,X,す
1375,表外読み,c,過る,よぎる,目の前を黒い影が過った。,過,よぎ,X,る
1376,表外読み,c,事える,つかえる,恩師に事える。,事,つか,X,える
1377,表外読み,c,埋ける,いける,保存のため大根を埋ける。,埋,い,X,ける
1378,表外読み,c,放る,ひる,カメムシが悪臭を放る。,放,ひ,X,る
1379,表外読み,c,参差,しんし,ビルが参差として並び立つ。,参差,しんし,X,X
1380,表外読み,c,序で,ついで,序での節はお立ち寄りください。,序,つい,X,で
1381,表外読み,c,打打,ちょうちょう,打打と釘を打つ。,打打,ちょうちょう,X,X
1382,表外読み,c,伸す,のす,ライバル企業が急速に勢いを伸す。,伸,の,X,す
1383,表外読み,c,掃う,はらう,失敗し財産も地を掃うに至った。,掃,はら,X,う
1384,表外読み,c,少く,わかく,少くしてすでに巨匠の風格を備える。,少,わか,X,く
1385,表外読み,c,漫り,みだり,私生活を漫りに話すべきではない。,漫,みだ,X,り
1386,表外読み,c,白す,もうす,神前でこれまでの己の所業を白す。,白,もう,X,す
1387,表外読み,c,束ねる,つかねる,為す術もなく手を束ねている。,束,つか,X,ねる
1388,表外読み,c,首め,はじめ,学芸会で首めのセリフをとちった。,首,はじ,X,め
1389,表外読み,c,条,すじ,条の通らない主張を繰り返す。,条,すじ,X,X
1390,表外読み,c,炊ぐ,かしぐ,米を炊ぐ間に夕食のおかずを作る。,炊,かし,X,ぐ
1391,表外読み,c,准える,なぞらえる,名勝に准えて造った庭園だ。,准,なぞら,X,える
1392,表外読み,c,宣う,のたまう,牧師が静かに宣う声が聞こえる。,宣,のたま,X,う
1393,表外読み,c,購う,あがなう,努力で成功を購う。,購,あがな,X,う
1394,表外読み,c,確,しか,情報不足で確とは断定できない。,確,しか,X,X
1395,表外読み,c,郭,くるわ,郭によって城への敵の侵入を防ぐ。,郭,くるわ,X,X
1396,表外読み,c,謁える,まみえる,手柄を立て王に謁える。,謁,まみ,X,える
1397,表外読み,c,肯ずる,がえんずる,恩師の忠告も頑として肯じない。,肯,がえん,X,ずる
1398,表外読み,c,額ずく,ぬかずく,額ずいて詫び、誠意を示す。,額,ぬか,X,ずく
1399,表外読み,c,将,はた,右に行くか将左に行くか。,将,はた,X,X
1400,表外読み,c,廉,かど,違反の廉で取り調べを受けた。,廉,かど,X,X
1401,表外読み,c,号ぶ,さけぶ,悲しい知らせに泣き号んだ。,号,さけ,X,ぶ
1402,表外読み,c,効う,ならう,先輩に効うが、うまくいかない。,効,なら,X,う
1403,表外読み,c,科,とが,飲酒運転の科で逮捕される。,科,とが,X,X
1404,表外読み,c,抑,そもそも,抑、君が対処できる問題ではない。,抑,そもそも,X,X
1405,表外読み,c,妻わせる,めあわせる,姫は隣国の王に妻わされた。,妻,めあ,X,わせる
1406,表外読み,c,負む,たのむ,最後の負みは君だけだ。,負,たの,X,む
1407,表外読み,c,私か,ひそか,海外進出を心私かに決意する。,私,ひそ,X,か
1408,表外読み,c,和ぐ,なぐ,和いで静かな海を眺望する。,和,な,X,ぐ
1409,表外読み,c,一入,ひとしお,苦労したから喜びも一入だ。,一入,ひとしお,X,X
1410,表外読み,c,便う,へつらう,上役に便い成り上がる。,便,へつら,X,う
1411,表外読み,c,伝,つて,伝を頼って職に就く。,伝,つて,X,X
1412,表外読み,c,交,こもごも,交に別れの挨拶をした。,交,こもごも,X,X
1413,表外読み,c,剰え,あまつさえ,吹雪は止まらず剰え停電になった。,剰,あまつさ,X,え
1414,表外読み,c,賢しら,さかしら,賢しらに振る舞う。,賢,さか,X,しら
1415,表外読み,c,泥む,なずむ,旧習に泥んだ計画だ。,泥,なず,X,む
1416,表外読み,c,塗れる,まみれる,通りの地蔵はほこりに塗れていた。,塗,まみ,X,れる
1417,表外読み,c,動,やや,動もすると意見が偏ってしまう。,動,やや,X,X
1418,表外読み,c,果す,おおす,包囲網を敷けば逃げ果せまい。,果,おお,X,す
1419,表外読み,c,滑る,ぬめる,なめこはその滑りが特徴だ。,滑,ぬめ,X,る
1420,表外読み,c,英,はなぶさ,英の先に蝶がとまる。,英,はなぶさ,X,X
1421,表外読み,c,挙って,こぞって,全員が挙って反対する。,挙,こぞ,X,って
1422,表外読み,c,攻く,みがく,武力を攻いて戦闘に備える。,攻,みが,X,く
1423,表外読み,c,薦被り,こもかぶり,薦被りが祝いを盛り上げる。,薦被,こもかぶ,X,り
1424,表外読み,c,略,ほぼ,新校舎が略完成した。,略,ほぼ,X,X
1425,表外読み,c,措く,おく,その話は措いておこう。,措,お,X,く
1426,表外読み,c,徒す,あだす,徒し世を憂える。,徒,あだ,X,す
1427,表外読み,c,斎く,いつく,死後は神として斎き奉る。,斎,いつ,X,く
1428,表外読み,c,憲,のり,師匠の教えを生き方の憲とする。,憲,のり,X,X
1429,表外読み,c,脂,やに,脂下がったところが気に食わない。,脂,やに,X,X
1430,表外読み,c,亜ぐ,つぐ,徹夜に亜ぐ徹夜で疲労が溜る。,亜,つ,X,ぐ
1431,表外読み,c,克い,よい,逆境にくじけず克くやった。,克,よ,X,い
1432,表外読み,c,敏い,さとい,人一倍利に敏い。,敏,さと,X,い
1433,表外読み,c,初,うぶ,初な学生が上京してから変貌した。,初,うぶ,X,X
1434,表外読み,c,患える,うれえる,不治の病を患える。,患,うれ,X,える
1435,表外読み,c,精しい,くわしい,もっと精しい地図が必要だ。,精,くわ,X,しい
1436,表外読み,c,尚ぶ,とうとぶ,清い心で神仏を尚ぶ。,尚,とうと,X,ぶ
1437,表外読み,c,寿ぐ,ことほぐ,新春を寿ぐ。,寿,ことほ,X,ぐ
1438,表外読み,c,円かな,まどかな,円かな月を歌に詠む。,円,まど,X,かな
1439,表外読み,c,揮う,ふるう,予算削減に大鉈を揮う。,揮,ふる,X,う
1440,表外読み,c,薄,すすき,薄が高原に群生する。,薄,すすき,X,X
1441,表外読み,c,刷く,はく,慣れた手つきで角皿に漆を刷く。,刷,は,X,く
1442,表外読み,c,啓す,もうす,趣意を啓して引き下がった。,啓,もう,X,す
1443,表外読み,c,賦,みつぎ,周辺国の君主が賦を捧げる。,賦,みつぎ,X,X
1444,表外読み,c,領,えり,羽織の領を外側に折る。,領,えり,X,X
1445,表外読み,c,遵う,したがう,法に遵って判断する。,遵,したが,X,う
1446,表外読み,c,異しい,あやしい,何度見ても異しい。,異,あや,X,しい
1447,表外読み,c,彩なす,あやなす,もみじが山々を彩なす。,彩,あや,X,なす
1448,表外読み,c,貞しい,ただしい,動揺しない貞しい心をもつ。,貞,ただ,X,しい
1449,表外読み,c,幣,ぬさ,豊作を祈願して氏神に幣を供える。,幣,ぬさ,X,X
1450,表外読み,c,卒かに,にわかに,卒かに冷たい強風が吹き荒んだ。,卒,にわ,X,かに
1451,表外読み,c,予予,かねがね,予予考えていた企みを行動に移す。,予予,かねがね,X,X
1452,表外読み,c,濃やか,こまやか,濃やかな心配りに感謝する。,濃,こま,X,やか
